sequence,label
KKKKVVAATYFLV,1
WFKRRWKRMLKK,0
GIFGGHLKVGKKIACGLSGLC,0
RMKQIEDKIEEIESKIKKIENEIARIKKLLQLTVWGIKQLQARIL,1
ATSYSNNKISVSRR,0
FPWGCSKYSGVCRPVCLAAELPFGPFGCSKGFVCCVAHVI,0
RLPSLFKKLFKKIAKVVGKIAKKILKK,0
VRQLCKLLRGTKALTEVIPL,1
AEASQVTNTATIM,1
GCCSDPRCRYRC,0
KKKKLLLAFLFLF,1
RNKSNLHTEARFRIRCRWNV,1
IKIKRRRFKIKI,0
DITLNNSVALDPIDISIELNKAKSDLEESKEWIRR,1
LYGNEGCGWAGWLLSPRG,1
KKIFKRIVKIIKRLL,0
CVRLASHLRKLRKRLLRDADDL,1
HFPRIWLHSLGQHIY,1
ISIKEALEHSFFHTVPRKWCKKH,0
FLPIVGSLLKSLL,0
GLFKIIKNIFSG,0
KQLSYCTDPLQIPLINYTFG,1
LKAKTNISIREGPTLGNWAR,1
ECRSTSYAGAVVNDL,1
PPATHTIADRNHTPFSDV,1
KLLKRKLLVTLR,0
PITHWSHGQNRWPLSCPQ,1
SWLWEVWDWVLHVLSDFK,1
ADLEVVAATYKKKK,1
TIHWGCAMEAANLFGKILEEKKLSRLPPSHL,0
LLQLTVWGIKQLQARIL,1
WRIRRRPPRLPRPRWR,0
FIHHIIGRRRRR,0
KKLLKLLLKLLK,0
GLFDIIKKIAESW,1
CATCEQIADSQHRSH,1
VIPFVASVAAEMMHHVYCAASKRCKN,0
AGLQFPVGRIHRHLKTR,0
FCIRVRVCNHYFCFYALRCF,0
WRWWRRRRWWRWRRWW,0
KKKKLVLPTLFFF,1
GLKDWVKKALGSLWKLANSQKAIISGKKS,0
SIELNKAKSDLEESKEWIRRSNQKLDSIGNWHQSS,1
ATMYYKDVTVSQVWF,1
PDIVIYQYMDDLYVGSDLEI,1
RRRSRNLGKVIDTLTCGF,1
FDLGGLIKGVVDLF,1
GIYTGRLLPVYIPQPRPPHPRLRR,0
TFLVHREWFMDLNLPWSSAGSTVWR,1
DLEAVPFVNRTTPFTIRGPL,1
KKWRKVLKLIKRLVG,0
PLCVNCWPQVCGDFPWGAVA,1
RRKKVLLALLAP,1
GLEETVYIYGANMAS,0
VGVKRRLKCLLSLRS,0
TWFWPYPYPHLP,1
ARMLGDVMAVSTCVP,1
LWKILWKIWRVLKNWR,0
MDVNPTLLFLKVPAQ,1
KHHHIKLRHGRHRRSVLRTLV,0
AAGAGKVTKSAQKAQKAK,0
QLPSVLPAIAKAL,0
KCYQDSDCPKDMCSFLFKPKCIFTRYFPIYLGGICGCDRKTCP,0
VVTTRLFMSLVASVRNAFQSGYISFDEIIKTE,1
WNSLKIANLAV,1
WLVWVYLRKKR,0
ANRETKLGKAGYVTNRGRQK,1
KKKKLVLPFLLFF,1
KGLSGPSEWWVWV,1
FIHHIIGWISHGVRAIHRAIH,0
QLLIRMIYKNI,1
GQLFTFSPRHHWTTQDCN,1
SLWENFKNAGKKFILNILDK,0
GWKRKRFGLLPIVGNLLKSLL,0
LKCTKSGCKL,0
GVFKDALKQFGAALLDKAANALKPK,0
NCCAPEDIGFCLEGGCLV,1
CNSTKNLTFAMRSSGDYGEV,1
KELKKIIGQVRDQAEHLKTA,1
KKIIKIIKIII,0
GRRRRSVQWCAVSQPEATKCFQW,1
KGEAMHGQVDCSPGI,1
VSTALPQWRIYSYAGDNI,1
PSQPTYPGDDAPLEDLMAFAIDLSFYLGVV,1
CGRCLQRACCKYCRLKCRLILFVIF,1
GAPKGCWTKSYPPKPCSGKR,0
LKLKLKLKLKLKLKL,0
FTFYLPLFVCRRNPRPRRVSCRE,0
KGLSGPAVPWWVV,1
QSHLSMCRWCCNCCRGNKGCGPCCKF,0
KWKLFKKIGIGAVLTTGLPALIS,0
LKLLKGLGKLLKL,0
YSTCDFIMWKKWSKRWRHWIPQCKKFGRR,0
KILEPFRKQNPDIVI,1
SDDPKESEGDLHCVC,1
KKKKKKWLGSALIGALLPSVVGLFQ,0
GSVTGCGETCFKFKCFTPGCKCAKYPLCSKN,0
FLPKIAGKIAGKL,0
RRKKRRQRRR,1
LGVPVSSTLRLNNTTMNPCLPS,0
INLKAIAALGKKLL,0
KKGACEARHREWAWLCAA,1
VGLLLYCKARSTPVTLS,1
KLLLKWLLKLLK,0
HMNASDMEIKSYINMIESVEESSNYDF,1
LLRIPQAIMDMIAGAHWG,1
GFCWHVCARRNGVRVCYRRCN,0
HVNDMLGRVAIAWCE,1
GEETLKKWEEQTKKLEEKFKKIEENIKKNEEQVKKGEEQLKK,1
FSLAPYAPAPVNGGGLKKLLLLLKKLG,0
FKRIVQIIKKFLR,0
ARALAHGVRVLEDGVNYA,1
KVLGRLVKVAGRLV,0
YLRGVNRSLHGIWPGKICKGVPTHLATDVE,1
ADLEVVAATYAAAA,1
NNWTGADCKAATLK,0
GIINTLQKYYCRVRGGRSAVLSSLPKEEQIGKSSTRGRKCSRRKK,0
CVTCKSTVLCDKMQHPCRRGPRCISC,1
LPKIKKTVSTR,0
PPDGCNRPQQSRKPPPRCLICLMVGLIHLNKIRIRAREIYES,1
KKKKVVAATYVKKA,1
FGGASCCLYCRCHIDHPNPKGFCDLKGKY,1
PPPLGAAPTGDPKPK,1
RKLKKLWRKFR,0
KWCIRVCRNGVCYRRCR,0
DTVVELSEWGVPCATCIL,1
DNATVAAGHATLREH,1
FLPLIAGKIFCAISKKC,0
FLPLVGSLLSKLL,0
CRVRLRNRRGRVKVSLRC,0
YRRFLRPRYRVAY,0
CVTIRVNNRRSRVRISLQVC,0
GLASTLTRWAHYNALIRAF,1
GIGKFLHSGGKNLKALAALAKKIL,0
EWRKKRYSTQV,1
EDCSTPSSGSFLDR,1
DTRACDVIPLL,1
KASVSVKVTASLSKAWTNSQ,0
QFEQPRRCPTRPEGQ,1
FLSAIVGMLAKLF,0
SRSCLIVCQRLF,0
WRQWRQWRQWRQ,0
KARVAVKVIRFLYKAW,0
ADGSRSSLLGRMKGA,1
FRFRFRRRRFRFRFRF,0
SKVWRHWRRFWHRAHRKL,0
HGNITLGEWYNQTKDLQQKF,1
LLLGTEVSEALGGAGLTGG,1
WVILSKKIKRKKKENSDHQTKFSKKVKTKR,0
RVRGGRSAVLSSLPKEEQIGKSS,0
LKKLLLLLKKLGGGFTPNTDIITRTT,0
AAWWAGIKQEF,1
KLALKLALKALKAALKLA,0
SGPGRRSSRRRK,0
HCKRNDRNCRHTPCKPAERIIGWCLSTYVCCR,0
SQVWFGHRYSQFMGI,1
TLVDCIRNCIHKILGYTVIA,1
RKKNFLDKLKEKLRTVITSHIDKVLRPQG,0
NGIGVTQNVLYENQKQIANQFNKAISQIQESLTTTSTA,1
EAANLGGKILEEKKLSRLPPSHL,0
TCILDRRPASCGTCVRDCWP,1
GLLGKILGAGKKVL,0
GRKIAHGVKKYG,0
FLGALLKIGAKVLPSVLCGIFKKC,0
RMIYKNILFYLVPGPGHGAEPERRNIKYL,1
TAFHRDDHETDMELK,1
MAVGLVLCDWWLGEYLLEA,1
GHSVDRIPEYFGPPGLPGPVLFYG,0
FLSGIVGMLKKLF,0
RIIRWWWRIIR,0
TAYFLLILAGRW,1
NVQGKTGIQQLQKWEDWVRW,1
KILWSAYKHR,0
GAHKEVFKRDTALTKEAAKKAKK,0
RTLFVCRVGD,0
FIKRIIGALGKLF,0
WLNGDNNWSTP,0
PDYLLVPEEVMEYKPRRKRAAI,1
RQPKIPRMPWR,0
KKKKVVAKTYVLV,1
KKKKVVAATYELV,1
MASTGLELLGMTLAVLGW,1
FEDRAPVPFEEVIDK,1
KGLSGPESRWWVV,1
GVCEGPGNTMC,0
ALAALITPKKIKPPL,1
FHRKKGRGKHK,1
FDKNLLKKGKKSSAYEKHPISRRVLRFE,0
RMRGAHTNDVKQLTEAVQKI,1
NCLLLGTEVSEALGGAGL,1
ANIKISGKWKAQKRFLKMSGNFDLSIEGMSISAD,0
YTLSDRSHNPFNGGGSLRLLWSLLLRWW,0
KKLLKLLKLLLKKLLKLLKLLL,0
YCVQKHKKKLKKKKKLTFNM,0
RLLRLLRLLL,0
KGLSGPSWWLFCV,1
ATCYCNNKAICVCRR,0
KVLGRLVAVLGRLV,0
GIFILKHRRPIGRGIEIT,0
EDRMSLVDSRCQEA,0
FIKTQVLKHLVAGVRVARGLDWKWR,0
TKKNSFKRKSIMLPKSLLSVVKSATLETKPESKYS,1
PPLNNCLLLGTEVSEALGGAGLTGG,1
ISGINASVVNIQEEIKKLNEEAKKLNESLIDLQEL,1
RRRVARRVFWFVRRAV,0
SRPCNCRCCYVARGNGRCLLRPGCFTVAARPNRSV,0
KKKKLVLATYVLV,1
YQLLIRMIYANI,1
GRRVSARMLGDVMAV,1
LKKWLKKWTPKASQFFGLM,0
IWNHGNLTLGEWYNQTKDLQQKFYEIITMDIEQNNV,1
VDKPPYLPRPRWARRIYNR,0
LKKLKKLKKKLLKL,0
ITGGPAVVHQA,0
KKKKVVAATYVLKK,1
WWWWKRRRRR,0
NQNAQALNTLVKQLSSNFGAISSVLNDILSRLDKVEAEVQIDRLIT,1
CVRVRLNNRGGGLRITLQVC,0
ACLPNSCVSKGCCCGNSGYWCRQCGIKYTC,0
HVMLALATVLSIAGAGTGATAI,1
AVLIPFKVKFGKVKFRVKAAFC,0
KKKKLVLPFLFVF,1
RGGRLAYCRRRFCVAVGR,0
TAYFLLALAGRW,1
PSLFSWGFGS,1
IKKEKVYLAWVPAHKGIGN,1
FLSGIVGMLFKLF,0
FCLPLIGGLLKGLCL,0
SWLSKTAKKLENSAKKRIAEGIAIAIQGGPR,0
GKKPWGWKAK,0
GLWTTIKEGVKNFSVGVLDKIRCKITGGC,0
ETWETWWTEYWQATWIPEWE,1
AKYVRNNLETTAFHR,1
RVCVWLVVMCKK,0
QKKIRVRISA,1
AGLFKKLARAIKKGFKA,0
RLQLNYKGKMWCPGW,0
LFFLLTVPFWAHYA,1
CRCCELKSLCPTLMRVVRLLGLVLL,1
AWLVHRQWFLDLPLPWLPG,1
TKIRDSLHLVKCPTPAIEPP,1
DLKYNPSRVEAFHRY,1
IKWEYVLLLFLL,1
RSVIFGCTKSKIPPICFVGFK,0
GLLSLLKKLLKKLLKKLLKKL,0
ILKKIWKAIKKLF,0
RGSRSGQSSRGERR,0
AIGPKGDRGFPGPLG,0
AAYFLLKLAGRW,1
AWRKAFRWAKRMLKKAA,0
FVPWFKKFLGRIE,0
IAWCELQNHELTLWN,1
APRWKFGKRLEKLGRNVF,0
FLGLIPALAGAIGNLIK,0
NPGLLETSEGCRQ,1
AVWMTRSCVIWKR,0
FKPSSPPSITLW,1
VRRPKWWWKFLRR,0
PPLASMSPLPATDPPPLEGAHPELGVPPP,1
FIHHIIGALGKLF,0
IITGASSGIGKAIAKHFI,0
RFRIRCRWNVGSDTSLIDTC,1
ELQREESPTGPPGSIRT,1
EQSRKPPNPTPPPPG,1
QRKTKRNTNRRPQDVKFP,1
EICTEMEKEGKISKIGPENP,1
IRIHCKDDFDCIENRLQVGCRLQREKPRCVNLVCRCLRR,0
RRRRRRKWWWWW,0
VTVLDVGDAYFSVPLDEDFR,1
GFLDTLKNIGKTVGKVALDVAKNVLT,0
CHAEDCHAVGCHAI,1
WMEWDREINNYTSLIHSLIEESQNQQEKNEQELLELDKWASLWNWF,1
GKALWKTLLKKVLKA,0
CLPSILCKITKKC,0
KLLKWLLKLL,0
MDVNPTLLFLKVPAQNAISTTFPYT,1
AIIYCNRRTGKCQRM,0
ACLRIRVCNRYYCYVFLRCF,0
SWLLWIGLRKKR,0
GKKWWWWKAK,0
RGCYTRCWKVGRNGRVCMRVCT,0
GSKRWRKFEKRVKKIFEETKEALPVIQGVATIVGAVGR,0
SQGVVESMNKELKKIIGQVRDQAEHLKTAY,1
VFASLPGIIFTRSQKEGL,1
AAGKVLKLLKKLL,0
GYCFTACYRRNGVRICYRRCN,0
IILLLLKKFLKKL,0
KLLKKLKKKLKKLLK,0
KKRRCFFRHIYVA,0
GQPEEGAPCQVVLQGA,1
FLSLIPKAIKAVSALAKKL,0
TWAGVEAIIRILQQL,1
GIFSLIKGAAKVVAKGLG,0
FLSKILSTLRILL,0
FSLVNADQTT,0
TCGFADLMGYIPLVGAPL,1
SCLTVPASAYQVRNSSGL,1
RWKMRRIKIQR,0
GLLSGILGAGKK,0
GWWNQMAYYNSCKWEEAKVK,1
KKLLKWLLKL,0
VSNAATRVCRTGRSRWRDVCRNFMRRYQSR,0
RRKKLPAVLLALLAP,1
KENKCNGTDAKVKLIKQELDKYKNAVTELQLLMQS,1
FFGALIPAVAGAIGGFFRK,0
GFGCNLITSNPYQCSNHCKSVGYRGGYCKLRTVCTCY,0
SWETWEREIENYTKQIYKILEESQEQQDRNEKDLLE,1
ALLSLLKKLLKKL,0
VIVQNSMRISSRPGA,1
IIRILQQLLFIHFRI,1
GWWKKWWKKI,0
SVFPQQTTGQLAELQPQDRAGARASWMPMFQRRRRR,0
RHHYESPHPRISSEV,1
SKKSKPGDGIRGKGVRG,0
SSVITSLGAIVSCYGKT,1
AGDDQGLDKCVPNSKEK,1
CTQCCAPSTCLNYRIFVGLLRFVVI,1
VPAHKGIGGNEQVDKLVSAG,1
RNPVCPGYAWLSSGRPDGFI,1
LYVNGWNSYWFMDHAVNMEGFNDDFGIVPWE,0
ANVVATYPAHS,1
VYTDKVDISSQISSMNQSLQQSKDYIKEAQKILDTV,1
FLSLIPGAISAIASLFK,1
GWFDIIKKIASEL,1
GGHILPWKWPWWPWRRGGC,0
TRRKWWKKVLNGAIKIAPYILD,0
RLPSIIPGIAGKLGGLLGGLLKGL,0
ILKKIWKPKKSLF,0
NKSLLTEVETPIRNEWGCRCNDSSD,1
KKKKVVAATYFLVA,1
AGHNKVGSLQYLALA,1
KVINPEPIVEPFMSKPFALF,1
RRGVCRCVCRR,0
RPPQFTRAQWFAIQHISLMPPRCTIAMRAINNYRWRCKNQNTFLR,0
WWKKWWKKWWK,0
GSIPCGESCVFIPCISALLGCSCSSKVCYKN,0
KKKKLVLAFLFFF,1
SHHRHFRSHQCRRQRSNSCDR,0
LGQKILRSARKFGKTIEKSF,0
ADLEVVAATHVLVA,1
TFWWHPNYYVDW,1
TWWTGTYPWYPR,1
GIKSALLGIAKNVGMSLLQKAQCKLSGSC,0
GILAWKWAWWAWRR,0
GKNRPVYIYQPKPPIPRL,0
QRQIRSISGWILSTYLGRPAEPVPLQ,1
ITTYWGLHTGERDWHL,1
DEPDAERFEAAVEADHI,0
AVATKCKTDVDCPPSTSIRRYKCTKNKCRYTRLSYG,0
KCPWWNLSCHLGNDGKICTYSHECTAGCN,0
ATAPTTRNLLTTPKF,1
QCRNNHGHCRRLCFHGEQWIGNCNGRHQHCCK,0
NNETPGIRYQYNVLPQGWKG,1
TWLATRGLLRSPGRYVYFSPSASTWPVGIWTTGELVLGCDAAL,1
CGESCVFIPCVTALLGCSCKSKVCYKNSIP,1
AWDFGSVGGLFTSLGKAVHQVFGSVYTIM,1
WIRRIWRRIR,0
TTLRLNTLAYKVAWLVNVKAFWAAGRALKKVGR,0
GFFKKARRKVKKAFRRVL,0
ATHQETIEKVTEALKINNLRLVTLEHQVLVIGLKVE,1
KKKKVVAATYVGV,1
AWDFGSLGGVFTSIGKALHQVFGAIYGAA,1
SDHSESIQKKFQLMKEHVNKIGVDS,1
VIREHKYVLLL,0
KLWKLLKKLGRLL,0
IGVRPGKLDL,1
PPTCYVPPHSPATPPPSVRISLLRLVFTLIRSEFELERSMNRRY,1
EWDREINNYTSLIHSLIEESQNQQEKNEQE,1
GCGFTCSPFSTF,0
RLLRLLRLLLLLL,0
SRATWARVRRLGLYG,0
TEYWQATWIPEWE,1
KVPAQNAISTTFPYT,1
KEFKRIVKRIKKFLRKL,0
KVLGRAVKVLGRLV,0
INWLKLGKKIIASL,0
GPQREPYNEWTLELL,1
KKKVVVKKKVVWK,0
QPELAPEDPEDSALLEDPVGTVAPQ,1
KKKKVVAATYVFV,1
KNEWGCRCNDSSDGNEWGCRCNDSSD,1
FEQKIGAWWCA,1
KKKKVFAATYVLV,1
TVSSGADTEDVVC,1
LSELDDRADALQAGASQFETSAAKLKRKYWWKN,1
LARLRRLCFLWAAAWPWPWR,0
VVVNLLVKVLKYAK,0
ILPFKFPFFPFRR,0
AGERIVDIIA,1
AEAASQVTNTATIM,1
KGVIFAKASVSVKVTASLSKAWTNSQ,0
KRKRAVKRVGRRLKKLARKIARLGVAKLAGLRAVKLF,1
GNHILSLVQNAPYGLYFIHFSW,1
FIHFRIGCQHSRIGI,1
LLMRKLIKGYGYLFGKGKRKKR,0
RTGRGRRGIYR,1
KKKMVLGVFALLSLISGSLKK,1
FLPLLAGLAANFLPKIICKIARKC,0
DGCPKRVAIAVLKAPYKIFKKEANKGLFKLADKIHGVRY,0
SPRVAIRVARNGVAYRRAWG,0
NCNFLCKVKQRLRSVSSTSHIGMAIPRPRG,0
GIMSLFKGVLKT,0
ALGPAATLEEMMTACQGV,1
KGLSGPQGSWWVV,1
RLLRLLLRLLR,0
GCASRCKAKCAGRRCKGWASAFRGRCYCKCFRC,1
LSCPQYVYGSVSVTCVWGSV,1
KIKIPWGKVKDFLVGGMKAVGKK,0
AVAKLPAQKTEVFRGVLEQLRWFAGKQVKSVA,0
RTHRAGLQFPVGRVHRLLRK,0
CLRVRLRRRGRKVRLQVC,0
LKKLCRALKKLCRI,0
AWDFGSVGGVLNSLGKMVHQIFGSAYTAL,1
PLPPIIPGLASGLLSGLC,0
VTDSQYALGIIQAQPDQSES,1
GKKWGGWKAK,0
WFVLLTITVLR,1
CDVIALLCHLNTPSFNTTHYRESWY,1
KKKKVVAATYVLVA,1
QLESLTDRELLLLIARKTCGSVE,1
SSMTKILEPFRKQNP,1
RWNKPQKTKGHRGSH,1
AKKVVKKIYKRFQK,0
CRIKINVNDGSRRLKLQVQC,0
IILLLLKKFLKKW,0
KKKKVLLATYVLV,1
GTKWLTEWIPLC,1
LQQLLFAHFRIGRRRRRRRR,1
DDDEVVAATYVA,1
CDVIALLACHLNTPSF,1
GIIKHIIKHIIKHI,0
ARARRRRFRARA,0
LTKKTKKQKRNLVGTT,0
WNSLAIDNLDV,1
DGSWSTVSSGADTED,1
QEECLQQGGFCRLIRCPFGYDSLEQQDCRKGQRCCIRKPRK,0
ESAIRKAILGHIVSP,1
KWLTEWIPLTAEC,1
VGALAVVVWLWLWLWG,0
FKLRAKIKVRLRAKIKL,1
CDSCERCWYVWLILLRVRLRLLVSL,1
IILLLLKKFWKKL,0
GTKALTEVAPLTEEAEC,1
GLRRLGRKIAHG,0
IQKEIDRLNEVAKNLNESLI,1
RIRIRRRFIRIR,0
LTEDRWNKPQKTKGH,1
ALPSLLKKLLKKL,0
ACFPWGKEYCGGK,1
PLETLMAKAIDAGFIR,1
LGLFLLLLRLILKGFKL,0
YVTQQLIRAAEIRASANLAATKMSECVLGQSKRVDFCGKG,1
GWFSLVRKVVGGVGSL,0
KKKKVLAATYVFV,1
AQLLESVLQEERILALHAQARERLT,1
VRLGSISVIGIVRGKK,1
KSLLTEVETPIRGSLLTEVETPIR,1
CEELRVRLASHLRKLRKRLLRDADDLQKRLAVY,1
RIGDGIRRFLRKHGDVLIPIVVKGIGKLRRMAV,0
MLRKVGVIGHWKIWWSGGWKRWRWR,0
GELGRPVYVLGDPGYYATHCIYATTNDALIFSV,1
RKRWLWLKRKWLW,0
GSPRTEYEACRVRCQVAEHGVERQRRCQQVCEKRLREREGRRE,1
RRFFFATAPCGYSRKFCKITRRKR,0
RGVSGHGQHGVHG,1
GILDTLKQLGKAAVQGLLSKAACKLAKTC,0
VFRLKKWAQKVI,0
CLGIGSCNNFAGCGYAVVCFW,1
IVHVTAKDKGTGKENTIRIQEGSGLSKEDIDRMIKDAEAH,1
GLLSGVLGAGKKIVGLSGR,0
NREILKEPVHGVYYDPSKDL,1
MDRIFARRYNATHIK,1
KVLGRLAKVLGRLV,0
GRTTLSTRGPPRGGPG,1
NNLLRAIEAQQHLLQLTVWGIKQLQARILAVERYLKDQ,1
MLPKIFGKIFKKILKKILKKILKKILKKLLKKL,0
QKKIRFRLSA,1
ATCDLLSAYKVAHSACAAHCLLRGNRGGYCNSRAVCVCRN,0
KWIKIWFIWRRIKWRK,0
ILRWPWRIWRR,0
CSICSNNPTCWAICKRIPNKKPGKK,1
RSQKEGLHYTCS,1
WNSAKIDNLDV,1
CATCIADHRSH,1
TIRLESEVTAIKNALKKTNEAVSTLGNGVRVLATAVRELKDFV,1
CMRRHEDEPWRVQEC,0
RLRAPPPFHKRCVCLCRTAPPP,0
LKWIGKWIWRVG,0
VWGIKQLQARILAVERYLKDQQLLGIWG,1
YQFHLVLHEALRAQALSRQLILGRELAQELVAELAT,1
ANRKPPCRGIFCRRVGSGSLIGRPAKDSSNNLSPFIAV,0
FKRIVQLLKKLLR,0
RIVQRIKKWL,0
GRHGSGLGHSSSHGQHGSGSGRSSSRGPY,0
FAELLWVVVADKT,0
FFFFLRRIFR,0
GKAFKFGLKTVGKMMGGAPR,0
LTAEDKKLIQQAWEKAASHQEEFGAEALTRMFTTYPQTKTY,0
FSSSFPDQNTSMICCVLK,0
RKIKRYLRRMIIMQQLYQEIEQ,0
WMEWDRKIEEYTKKIEELIKKSQEQQEKNEKELK,1
ELKNEAVRHFPRIWL,1
VVNIQKEIDRLNEVAKNLNESLIDLQELGKYEQYIKWPW,1
RIGRNPSQVGD,1
GATVVQFEQPRRCPT,1
LRCMCIKWTSGKHPK,0
PRLSHKGPMPF,1
TARLQLEARLQHLVAEILEREQSLA,1
GWGAKRWGKRGWKWKRHW,0
DNIADAVACAKRVVRDPQGIRAWVAWRNR,0
SGIVQQLNNQLRAEEANQHLEQLSVWGSKQNQARRLK,1
PTTFMLKYDENGTITDAVDC,1
AVSPTTLRTEVVKTFRRDKPFPHRMDCVTT,1
QNQSANQFQKEISQINEVLTTTNTSLGKLQDDVNQNNQSLNTLQKE,1
ADLEVVAATYV,1
RRLLRLLRLLL,0
EKRWRRLIFNYF,0
RGTKALTEVIPLTEEAEC,1
KALGRLVKVLGRLV,0
SSCNMGWDTPACCVWFPYWV,1
NQGRHFSGGALIHARFVMTAASSFQ,1
KKKKVVAATYVLFA,1
KVLVKYLGGLLKLAALMV,0
PANAATRTSRGWHTT,1
HRMANMMMNWSPTAALV,1
AKKVFKRLLKLFKKIWKW,0
WLLWIALRKK,0
NLLSTLLDAAKKAAKGAAKSAAKKLAKKLAKKL,0
PPPLPYGPNRNGEPHLRVLLRLLCIRLH,1
KVLARLVKVLGRLV,0
QFMGIFEDRAPVPFE,1
FVPWKSKFLGREL,0
MANAGLQLLGFILAFL,1
IITNRRCKSHKDCPG,0
KGIVAERILKPSVRRKVNGKFRS,0
CPPPTGATVVQFEQP,1
KKIIKKIIKKIWKW,0
AGAGTGATAIGMVTQYHQVL,1
LNPVFPWVAASA,0
GKWKKLLKKILK,0
FAELLGEVVVWKT,0
KKKKVLLPFLLFF,1
DVMAVSTCVPVAADN,1
ALRRIGNIYRRVPVPIFVRIPL,0
VITIELSNIKENKCNGTDAKVKLIKQELDKYKNAV,1
KKKKVVAATYVLVF,1
FLPIVKKLLEKLL,0
KKKKLLAAFLFFF,1
IHVQGHLQEVDAGNFIPP,1
FLPLLAGLAASFLPTIFCKISRKC,0
KKKKVVAATYVLE,1
GLKKLLLLLKKLGGGFSLAPYAPAPVN,0
LSDSPNGPWVWVPAFSQAVG,1
EPYNEWTLELLEELK,1
KAFKFGLKTVGK,0
RLASWSVKQANLTTSLLGDLLDDVT,1
YTLSDRSHNPFNGGGLKKLLLLLKKLG,0
GVIKKVIKKVIKKV,0
WVNQLAVLGLPAVDAAVA,1
IIRRIIRRIIRRIIRR,0
TWFNPFGYYSWA,1
RVVRWWWRVVR,0
DLLSGLGKAAKKVAKTVLKNLLKC,0
AETVESCLAKPHTEN,1
VKLLVYPLKVKLYP,0
TLWPWAWRHNWQ,1
KKKKVVAPTYVFV,1
MRQEMACVRLVSW,0
NHHRRHHRCR,0
GGKGPIFETWVTEGNYYG,0
FAKKLAKKLKKLAKKLAKKWKL,0
YIRDFITRRPPFGNI,1
GKKWGWWKAK,0
NMTINQTIWNHGNITLGEWY,1
AGLGKIGALIQKVIAKYKA,0
EGLHYTCSSHFPYSQY,1
KKFACPECPKRFMRSDHLSKHIKTHQNKK,1
GIFKKIFKKIFKKF,0
FILYGLIRFGRLLRK,0
GSIRTWFQRIPLGWFHCTYQKGKQHCRLRIRQKVEE,1
TRQARRNRRRRWRERQRAAAACYGRKKRRQRRR,1
PPDEGYPPMRMQVPPLGGRIILVRVLLHLNKIRIRAREIYES,1
ILAWKWAWWAWPP,1
WVKKVARKVVKIGRKVAR,0
DPVTCLKSGAICHPVFCPRRYKQIGTCGLPGTKCCKKP,0
RLFRHRFKRVLRL,0
LCCLKLKCKLKC,0
PPGKQHTPTSFTHPPPADILLPLSAMIHLNKIRIRAREIYES,1
RRWCYRKCYKGYCYRKCR,1
FLPKIAGKIAKKL,0
QLGENNELRLTRDAI,1
RLWKKIRQVIR,0
GTKAATEVIPLTC,1
CTLNFPISPIETVPVKLKPG,1
NNCLLLGTEVSEALGGAG,1
HDWTKNITDKIDQIIHDFVDKTLPD,1
FFIFPNYTIVSDFGRPNAA,1
GAWYKGRARPVSAVA,1
RRHGDEDMFYMHVRG,1
AKLKVVAATYVLKK,1
PGIWQLDCTHLEGKI,1
KKKKVVAATYKKKA,1
KSWKKHVVSGFSLR,0
AALEAKICHQIEYYFGDF,1
FHRCGAGPKLTKDLEAVP,1
PPRGTETPQRCRRLHLVEMLCLVRVVFH,1
KEEQENEGNNIFVNRHIVDKL,0
SNQGGSPLPRSV,1
ADLEVVAATYVKKK,1
GWKTNKYGTLYGGGGGLKKLLLLLKKLG,0
GTKALTEVIPLTC,1
DPKPKKNKKPKNPTP,1
CRVRLNNRRGRVKVSLQC,0
FAVAVKAVAVKAVAVKAVKKAVKKVKKAVKKAVKKKK,1
IKFKVHFRCKAAFC,0
KTTSSIEFARLQFTY,1
ADGMHRSLLGRMKGA,1
ALKKFWEKIKSLF,0
LLPSLLKGLLKKL,0
KETPIRNEWGCRGETPIRNEWGCR,1
GYVYFEEYAYSHQLS,1
RICRIVVIRVCR,0
GRRRRSVQWCAGRRRRSVQWCA,0
LLGTEVSEALGGAGLTGG,1
CRSQCMRRHEDEPWRVQECVSQC,0
SLEQIWNNMTWMQWDK,1
MLNILLYSNICVLYIRESNYGGI,0
VLGGLLKKLLKKLLKKL,0
VEDTLYGDHECGSLLQDAALYLVDGMTNTI,1
QKKIRVRWSA,1
RPETVETTVTTAQETKRGRI,1
KKTHRKQYNNKV,0
AICKRIPNKKPGKKT,1
HLKTAVQMAVFIHNFKR,1
KRIRKWVRRILKKL,0
GIGASILSAGKSALKGLAKGLAGHFANG,0
GAPLGGAARALAHGVRVL,1
SLHWPVSHPPPP,1
CSFTDYVLIWVKC,1
AVALGLASPADAAAGTMYGD,0
NLLDTLKNVAKNVAKNVLDTLKCKITCKC,0
NPGLLETSEGCRQILGQLQPSLQT,1
RKRWWRWWKWWKR,0
WICEVLSDFK,1
GRILKFIKKAWRKIHLKFDK,0
RVAAAAITWVPKPNVEVWPVDPPPPVNFNKTAEQEYGDKEVKLPHW,1
CLRVRLCRRRRCVRLRVC,0
QKKFRVRLSA,1
SHQLSRADITTVSTF,1
GLLKKLLKKLLKKLLKKI,0
IQAQPDKSESELVSQ,1
SWLRDVWDWVCTILTDFK,1
GFGCPLNQGACHRHCRSIRRRGGYCSGIIKQTCY,0
RWAVYAYVRVRGVLVRYRRAW,0
NILRLKESITATIEAVHEVTDGLS,1
LYYFDCFSESAIRKA,1
GIADILKGLL,1
ILCWKWCWWPWRR,0
DAILHTPGCVPCVREGNA,1
ADLEVVAATYVLVA,1
RLLRWWWRLLR,0
RLPRIFRGIRGKL,0
LALVYLVTVLVTLVV,0
GVGDLIRKAVSVCKNIV,0
RRWQWRRRWQWR,0
ADGSLLGRMKPA,1
RRWARRLAFAFRR,0
EQVDKLVSAGIRKVLFLDGI,1
FLGKALKAGLKIGSHL,0
TLKNRYYEPRDSYFQQYMLKGEYQYWFDLD,1
WPRLPRIPRLPRYPRYPRWPR,0
KKKKVVAATYVKV,1
WRSWRSWRSWRS,0
LQNHELTLWNEARKL,1
RAVWRHSVATPSHSV,1
MWKTPTLKYFGGFNFSQI,1
GELGRPVYVLGDPGYYAT,1
PEGRTWAQPGYPWPLYGN,1
LKLKCTKSGCKLKL,0
ESTHPRISSEVHIPL,1
RRKKPAVLLALLAP,1
RNKMAYNVGKAISRIMRRVR,0
GILRSLGWIQMPRSRRRHR,0
SEFAYGSFVRTVSLPV,0
PPGAPPAPFRTHTPPPRMVIVLIRVWCH,1
EWTLELLEELKNEAV,1
NHIQRHVNDMLGRVA,1
SGIVQQQNNLLRAIEAQQHLLQ,1
GLWNSIKIAGKKLFVNVLDKIR,0
GVITDTLKGVAKTVAAELLRKAHCKLTNSC,0
KRGGIWKLIRPLGRGAGRILRHFHIDFCGNC,0
CGKKWWGWKCKL,0
QGSHHEQSVNRSGHSGSHHSHTTSQGR,0
RNGLPVCGETCVGGTCNTPGCTCSWPVCT,1
RCRKGLFCRPKCGQKEHVIGTCPKGLICCR,0
GVFVFNGTSWFITQRNFFS,1
LEVYTRHEIKDSGLL,1
RRGWARAPAFAFGRR,0
DTRACDVIALLCHLNT,1
RRIWRRWIRI,0
RKSAKKIGKRAKR,0
AAPTGDPKPKKNKKP,1
FAHWPDLGPGSPSVKKHGKVIM,0
GLLKKLLKKLLKKI,0
TGALKINNLRLVTLEHQVLV,1
AVNIPFKVHFKVHFRCKAAFC,0
SLWKKLFKPVERAGQRIRDATIKGIVIAQQGANVLATIRGGPAIPPGQG,0
KKKKVVAPTYFLV,1
GVFDTVKKIGKAVGKFALGVAKNYLNS,0
GLWRFWFGDFLT,1
KKKKVKAATYVLV,1
KVLGALVKVLGRLV,0
IWLTKALKFLGKNLGK,0
DVDLGDISGINASVVNIQKEIDRLNEVAKNLNESLIDLQELGKYEQYI,1
VVKTVVSRAYTRAGLAQRLGWHDLRHSTRT,0
LLPIVGNLLKSLLGWKRARFG,0
RRRWIWVLWK,0
LRRLRLRLLRLLRRLLRLL,0
SILSTLSHKR,0
KWLCRIWSWISDVLDDFE,1
GSHTEHTTYAADRFK,1
AIRDTNKAVQSVQSSIGNLIVAIKSVQDYVNKEIV,1
AVALVEAKQARSDIEKLKEAIRDTNKAVQSVQSSI,1
WLKKWLKKLL,0
GELGRIPSDTYDLAVGALHCPFYLVSGLVYLDG,1
RIKRLALRWLKL,0
HCIYATTNDALIFSV,1
VSVTCVWGSVSWFASTGGRD,1
KKNEEIIKKLEETKKNEEKNKKSEEILKKLEELRKK,1
RRWQWRGGRRWQWR,0
GWKRKRFGPQKPKFVTVWVR,0
WRNWRNWRNWRNWRN,0
GKKYRRFRWKFKFGKWFWFG,1
TAYFALKLAGRW,1
VRLIVRVRIWRR,0
TASFLLKLAGRW,1
GQKKIRVRLS,1
KRKRFAKKFLRFLRKVIRFLKRFIRRF,1
NQIIEQLIKKEKVY,1
GWINEEKIQKKIDEKIGNNILGGMAKAVVHKLAKGEFQ,0
RWFHFNGRWFHF,0
CATCQIADSHRSHRQMV,1
WEYVLLLFLL,1
KQVKKSCKSHKDCKTHPCPPSKVKQCVNGYCRCVRIY,0
IWLHSLGQHIYETYG,1
LKLKLKINGKKLKLKL,0
CYSCPCERRCHKIARGLLILRSVLF,1
PGDPDLSDGSWSTVSSGA,1
KVLGRLVKVLGALV,0
NNAKKTNVTLSKKRKRR,1
GLFGRLRDSLRRGGQKILEKVERIGDRIKDIFRG,0
KYKLKHIVWASREL,1
KYKETDLLILFKDDYFAKKNEERK,1
LLDCWVRLGRYLLRRLKTPFTRL,1
LLKKVLALLKKVL,0
WKWKWKRRRFKWKWKW,0
GTKALTEVIPLTEAAEC,1
KDVTVSQVWFGHRYS,1
AVASVPRARGKYWWG,1
SWRLDIWDWICESVLDFK,1
SPYPSWSTPAGR,1
KKKKEVAATYVLV,1
SMRISSRPGACYSRP,1
SSGLYHVTNDCPNSSIVY,1
KHHHIKLRHERHRRYILKSLI,0
MKKLLLILFCLALALAGCKKAP,0
YADHTGLVRDNMAKL,1
WKLLKKLLKLLKKLLKLL,0
KQKKIENEIARIKKLLQLTVWGIKQLQARIL,1
ESIECRTVADCPKLISSKFVIKCIKKRCVAQFFK,0
KIGQKIKNFFRKLL,0
PPFLSYLPAETDFPPPEARETPEPFSNPP,1
SVSWGMKPSPRQ,1
PMKKLFKLLARIAVKIPVW,0
CATCQIADSHRSH,1
LWKIGKKIWRVGWNWR,0
KLKLKLKLKLKL,0
SKEKIGKEFKRIVQRIKDFLR,1
RFGRFLRKIRRMRLK,0
DWLVWIWRRR,0
REVLGYERNSYK,0
NLLDTLKKKAKKVAKKVLKKLLKKLLKKL,0
GRRRRSVQWCAPRRWQWR,0
RRRRRRWWWW,0
KCLTLRSLKKTLKFCASGRT,0
YGRKKRRQRRRKRIVQRIKDFLR,0
LPRIPRLPRYPRYPR,0
IGKEFKRIHERIKRFLRELLRHLR,0
VKLIVAVKIWKK,0
WLWLWLWVKKAKAKK,0
RLPRILRKIVRRL,0
CATCEQIADSQHRSHRQMV,1
FLWKLIPKAISAVTSLIKK,0
PRYPRWPRHPTIYA,0
VGSRRRPPRKLVPLAY,0
FLPSSPWNEGTYVLKKLKS,0
CKPKRGVNFRCRKGKCFPVR,0
PYKFKATMYYKDVTV,1
GGTIFDCGETCFLGTCYTPGCSCGNYGFCYGTN,1
VDGIPVGWDADARAPA,1
TTWMEWDREINNYTSLIHSLIEESQNQQEKNEQELLEL,1
GLASFLGKALKAGLKIGSHLLGGAPQ,0
KLLKWLKKWL,0
KVLGRLVKVLGRLA,0
SWGPTDPRRRSRNLGKVI,1
EAIIRILQQLEFIHKRIGRRRRRRRR,1
AGCVCSGTVAVANSHNAGPAYCVGYCGNNGEVTRNANYNIARRS,0
WHSQRLSPVPPA,1
IKHWKKVWKHAKKVL,0
FLPIVAKLLEGLL,0
RRKKAAVALLPAVLL,1
QYGSFCTQLNRALSGIAAEQ,1
FKRLEKLFSKIWNWK,0
DEMEECASHLPYK,1
EEQRFLPVVAGLAAKVLPSIICAVTKKC,0
CRVRLRRRGRKVSLRC,0
PPLAVMRPGIQILPPPGTDVHPK,1
WEDWVRWIGNIP,1
RPRGRRGSRPSGAERRRRRAAAA,1
FLPLIGKVLKGIL,0
KEPRLLCRQCVRMILNVEKL,0
PPESNHPPWKGPYPPPTSNVNPLILLSHLNKIRIRAREIYES,1
FLSALWGVAKSLF,0
IKKWFKKIFKRL,0
KKKKVVAATYFFV,1
YCKKCCYHCQ,1
AKVVKKLTKGVAGLLK,0
GRFKRFRKPFKKLFKKIS,1
GKKPGWWKAK,0
FKSWALCTPGCARGGSFNSYCC,0
KRFKKFFKKLKNSVKKRVKFFFRKPRVIGVTFPF,0
RLWDIVRRWVGWLGPLG,0
KKFKKTAKWLIKSAWLLLKSLALKMK,0
CKWEEAKVKFHCQRTQSQPGSW,1
SAYQVRNSSGLYHVTNDC,1
RLRAPPPFHKRCVC,0
HEFVPLEVYTRHEIK,1
MSAALMSGSVSSSWSFRYFSRSDMAAIMSSGAGGI,0
STRTPEDSNSLGT,1
LLSLINDMPITNDQKKL,1
WNSLKIDALDV,1
WRIRIRWKRLRRPP,0
AKKVFKRLLKLFKKIWKWPPIMRELYREIER,0
QPELDSFKEELDKYFKNHTSPDVDLGDISGINASVVNIQ,1
WKRLRWRRFF,0
GWLDIAKKVASVVAGIVKR,0
KLKLLLLLKLKG,0
ALQFIQNTASGALYYNTKTHKYQYQQTSGAMGAAINVFNQQGINW,0
PVPFEEVIDKINAKG,1
RRWVQRWIRRWRPKVAAARRWVQRWIRRWRPKV,0
CLRKLRKRLLRC,1
RARVRVRVRRFLRRRW,0
VCRSTAKYVRNNLET,1
KGGGKWGGKGGK,0
AKKAAKKAKKAAKKAKKWAKK,1
TSDVAAATNADLRTALARADHQKTLFWL,1
WQCLTLTHRGFVLLTITVLR,1
AGALMFAWLLLGLQGIFN,1
DAACAAKCLWR,0
RRRRRRKWWWWWWW,0
SNNTIAIPTNFSISITTEVM,1
PFLWMGYELHPDKWTVQPIV,1
FLKKIWKLLGKLL,0
KYYGNGVTCGKHSCSVDWGKATTSIINNGALAWATGGHQGNHKS,0
CFLNITNSHVSILQEAPPLENAV,1
GNTPNVSGANPVDCTMYSNK,1
KKLLKLLKLLL,0
KGEAMHGQVDCSPGIWQLDC,1
VANDPIDISIELNKAKSDLEESKEWIRRSNQKLDSD,1
WAAWIGLRKKR,0
LTSDTYFLPVPA,1
QPSVQIQVYQGEREIAAHNK,1
VSRRYLASLHKKALPTSVTFELLFDGTNPS,1
PSGSNIISNLFKED,1
LCCLKLKCKWKC,0
KKKKVVAATYVLF,1
HFLGVVAKLVSKLF,0
ASVTVGRRVSARMLG,1
QIPLINYTFGPNQTCMWNTS,1
FLPKLLSALAKIL,0
LKKLLLLLKKLGGGWKTNKYGTLY,0
GWHTTDLKYNPSRVE,1
WNSLKIANLDV,1
RQMRAWGQDYQHGGMGYSC,1
KKLMSNNVQIVRQQSYS,1
RERLKQRQQLFDSQQ,1
CLLDTLKCVAKGVAGTLLDTLKCKITGKC,0
FLGALIPAAIGLISGLIKK,0
GNWRKIVHKIKKAG,0
MMNWSPTAALVVAQLLRI,1
FLPKIFKKIAKKL,0
ADLEVVAATYVDDD,1
VKCTKSGCKV,0
ILPWKWPWWPWP,1
GFCWRACVYRNGVRACYRRCN,0
KKKKVVAATYPLV,1
TDVILMCFSIDSADSLENI,1
TAAGDARANAVAKAGLHDLNIETDTERNH,1
PPRTTPIPHLDVSLHLLILRILRVRVH,1
YMSPFYGYREGSHTE,1
GSRVQIRCRFRNSTR,1
FLPIVGSLLKGLL,0
KLLKKEGKLLKKEGKLLKKEG,0
KKKKLVAATYVLF,1
AQLVGELGSLYGPLSVSA,1
ISSEVHIPLGDARLV,1
QKKIRVRLSW,1
QDCNCSIYPGHITGHRMA,1
TGTFGFFPGVPPINNCMPLG,1
VRVLEDGVNYATGNLPGC,1
PWLKPGDLDL,1
INVKQIAARLLPPLYSLV,1
DDVAARLRAAGFGAVGAGATAEETRRMLHRAFDTLA,1
NGKKKRKKPEKLCMKPGACSVIFDASVNE,0
KKKKVVAATYVPV,1
GGSFRFSSDAISTTF,1
GTKALTEVIPATEEAEC,1
TRQCRRGRIWKRWNETITGP,1
SWLSKSVKKLVNKKNYTRLEKLAKKKLFNE,0
KKLFKKIGLRYK,0
GIGAAILSAGKSIIKGLANGLAEHEG,0
QPRGRRQPIPKARRPEGR,1
LLGDLLRKSKEKIGKEFKRIVQRIKDFLRNLVPRTES,1
KKLLKCLKCLL,0
ASLRVRIKKQ,1
TDVILMCFSIDSP,1
DDSVVAAMSYSYA,1
LNLADATNFLQDSKAELEKARKILSEVGRWY,1
ADKEVVAATYVKKK,1
CRVRLCRRRRCVRLRC,0
GFLDTLKNIGKTVGGIALNVLT,0
CLPSLLPSLFKKL,0
RWRRFWGKAKRGIKKHGV,0
WRTWRTWRTWRTWRT,0
WRSWRSWRSWRSWRS,0
CKFCYGSAQCPTFLFIVRLLRFVWV,1
TDVILMCFSI,1
FLGTVLRVLLRVLPAALCRIFRRC,0
TARLQLEARLQHLVAEILEREQSLALHALGYQLAFV,1
VRGKRLWDIVRRWVGWL,0
LFVNVLDKIR,0
LKKIGKKIWRVGWNTRDATIQ,0
KLKLLLKLKG,0
GIKEFKREFQRIKDFLRNLV,1
VSQIIEQLIKKEKVY,1
WMEWDREIEALAKAAEALAKAAEALAKAAWASLWNWF,1
SVQARWEAAFDLDLY,1
KRVNWRKVGRNTALGASYVLSFLG,0
FAIKWEYVLLLFLL,1
LKLLGKLKGLLKL,0
NTTHYRVIRLTIG,1
FLKAIKKFGKEFKKIGAKLK,0
GRIKRIRKIIHKY,0
GAFVLWGPTPRPRRR,0
GLLGKVLGVGKKVLCGVSGRC,0
GWGLINIKIPPVLHKVSVPLVSKR,0
GHYCNFSVTPKFKRW,0
RVQGRWKVRASFFK,0
FFPKVAGVAAKVKKFCTISKKC,0
AGRLQKVFKVIAK,0
ADLEVVAATYVDDA,1
KWKKFIKKLTSAAKKVLTTGLPALIS,0
RFRFRRRRFRFRFR,0
WLFWIGLRKKR,0
HLLSGLLSAAKKAAKKAAKKALKKLLKKLLKKL,0
SLGQHIYETYGDTWA,1
QGQCHQQRGRCFLHQCPLSHYFLGRLDCGPGRRCCRRRK,0
NADIIKSLIRKTIINASKNTASLSILQHLYVLRS,1
KTNVTLSKKRKRRFLGF,1
KFFRKLKKLVKK,0
RRKKLAALPLVLAAPLAVLA,1
RWIKIQLQNRRWKNKK,0
PALNCYWPLNDYGFYTTSGI,1
GIIRKIIRKIIRKI,0
NNWWYWWDTLVN,1
RRRRRRKWWWWWW,0
DIQKLVGKLNWASQIYPGIK,1
AEGIGALFLGFLGAAGSTMGARSMTLTVQARQL,1
RFKRWWKRMLKK,0
GVYYDPSKDLIAEIQKQGQG,1
ASVVNKLTGKVAGLLK,0
ASANASVERIKTTSS,1
RVQGRWKVRASFFKEAAAKEAAAKVCVYRGFAWNCHRRANNGVRV,0
LPLPAPSFHRTT,1
LAKKLKEYLEKLV,0
TLREHLRDIKAENTD,1
RKLRKKVFVKRV,0
RLRKKWRKLKKLL,0
DCIGKDARDAMDRIF,1
RMIRRPPGFSPFRVAPASSLKR,0
PRYPRWPRHPT,0
RFGRFLRKILRFLRK,0
KRWKKFFRKVIKFF,0
FRWLRKWFRR,0
VLKKSEIRIDFISRTILHI,0
WLPKIAGKIAGKLLKKLLKKIKKK,0
KKKKLLAATYVLV,1
GWAGWLLSPRGSRPS,1
KKKKVVFATYVLV,1
RWIKIPGRWIKI,0
INGMPEEVVAA,0
TQRSVSNAATRVCRTGRSRWRDVCRNFMRRYQSRVTQG,0
FDSQQGWFEGWFNRS,1
KQPCKSRKHCKTYRCPTPKVPNCVNGFCKCVR,0
SVASLAKNSAWPVSLKR,0
SWSTLTANQNPSPPWSKLTY,1
AIPYIWIYRLLRKG,0
SINLRNHSCIKDKDCPRVGILNIRCRKGFCVHIS,0
KKKKVVAATYVLT,1
FFKKFIGGVAKIAGKAAPHGVGQLIPHVTP,0
FLPIVAELLSGLL,0
GIGKFLHSGSGSGSKLIKKALAALAKLNI,0
MDVNPYFLFLKVPAQ,1
VGEDSIDRAMMNGLTPFYL,0
RLFRRVKKVAGKIA,0
INLRAIAAFAKKLL,0
GWIKKWIKKWIKKW,0
KVGSLQYLALAALIT,1
GVIDFLKGAAKDLAGHVATKVIKKL,0
SCVSQSTGQIQCKVFDSLLNLSSTLQAT,1
ALHALGYQLAFVLDSPSAY,1
GCGSHCNCNVGYHRSLHCYGNELHGKQCGFSRCG,0
RLFRRVKKVAGKIAKRIWK,0
KIFGKILKKLLKKLLKKLLKKL,0
KMHATNHGGGS,0
TSVITIELSNIKKIKCN,1
FKLPIQKETWETWWTEYWE,1
SLGSSPYNDILGYPALIVIYP,0
MTSALPIIQK,0
KVMREVLGYERNSYKKFFLR,0
EQIWNNMTWMEWDREINNYTSLIHSLIEESQNQQEK,1
WLIWVYRKKR,0
RLFNYGLFSSKIIKHTIK,0
HGQVDCSPGIWQLDCTH,1
GGWTQWWWTAFY,1
GIFFALLSAAKVGLKGLAKGLAEHFAN,0
YANPAVVRPHAQIPQR,0
LFRVVRRVVRFIRRAA,0
ALDKAEESNSKADKVNVKLT,1
SKCAQWQRRMKKVRGPSVTCVKKTSRFECI,0
SMIGGVMSKG,1
KGLSGPGGWWGFV,1
SHHRHFRSHQCR,0
GLLSTVGGLVGGLLNNLGL,0
YVSPVAIVKGLNIPL,0
FWSTIWNAAKSLI,0
TAYFLLKLAGRA,1
SISNALNKLEESNRNLDKVNVKLT,1
IGRARAITHTWGIWCRWGKVWRRS,0
FHCQRTQSQPGSWFRAISSWKQ,1
RPRWSHRSRR,0
GIFSKLAGKKLKNLLISGL,0
KKKKVVAATLVFV,1
PPSAVCNYEVAEDPSYVREH,1
RRRRRRRWWWW,0
KPKQIKPPLPSV,1
LVRAYVQRYRYFRKHGRK,0
NCVKMLCTHTGTGQAITVTP,1
KKKKVVAPTYVLV,1
TGKASQFFGLM,0
KIWWSGGWKRWRW,0
MTKWQEVDEMLRSEY,1
RRKKAAVALLPAVLAALLAP,1
KWFRVYRGIYRRRGK,0
FLGTVLKLGKAIAKTVVPMLTNAMQPKQ,0
LKKKLKCLCKLLKKLL,0
KWMKLLKKILK,0
GMVTQYHQVLATHQEAIEKV,1
FHFEVFNFVPCSICSNNPTCWAICKRIPNKKPGKK,1
GLRSRIWLWVLLMIWQESNRFKRM,1
APERASSVYTRSTGEQEI,1
TTAPCKCWIGLRRCFK,0
PPNPTPPPPGASANA,1
INWLRLGRMVIDAL,0
ELNNALQNLART,0
FRKQNPDIVIYQYMD,1
RRKKAAVALLPA,1
GNNRPVYAYQPRPPHPRT,0
AWVPAHKGIGGNEQ,1
FLKAVKKLIPSLF,0
GAKKGAKKGKKGAKKGAKGAGAKGAGAFKKKK,1
FKCRRWQWRMKKLGAPSITCVRRAFALECI,0
KKKKVLLAFLFFF,1
ARKWRKFLKKI,0
FLRWRLKFKSKVWCP,0
RIKRRIKKWLR,0
LKWLKKLLKWLKKL,0
LKLKLKCTKSGCKLKLKL,0
TNRRPQDVKFPGGGQIVG,1
GLTGGFYEPLVRRCSELMGR,1
DIWDWICEVLSDFK,1
GFFKKAWRKVKHAGRRVLDTAKGVGRHYVNNWLNRYRE,0
KRIVHRLLKKLHSLF,0
TEVSEALGGAGLTGGFYEPL,1
QEFFGLNNCSSSNRLD,1
AIPWIYIYRLLRKG,0
LSNIKKIKCNGTDAKVK,1
LGKIAKVGLK,0
HTGERDWHLGQGVSI,1
AKLEVVAATYVKKK,1
CGSVFLVGQLFTFSPRHH,1
NQTKDLQQKFYEIIMDIEQNNVQGKKGIQQLQKWE,1
KKKKPVAATYVLV,1
LLKWLKKWLK,0
KVVVKWVVKVVK,0
RIGCQHSRIGITQQR,1
ELLFDGTNPSTEEMGDDFRSGLCPFDTSPV,1
PLNNCLLLGTEVSEALGG,1
PPWCCCSPMKRASPPPAQSDLPATPKCPP,1
ANPDCKTILKALGPAATLEEMMTAC,1
GRLQSLQTYVTQQLIRAAEIRASANLAATKMSEC,1
KLLGKLLLKGLLK,0
LLPSLLKGLAKKL,0
LPTTQLRRHIDLLVGSAT,1
KRLKKIGKVLKWI,0
LKLKLKPNKLKLKL,0
FLSQILSTLRILL,0
WGRRGWGAGRRYVRW,0
FLWIIGKLLSGLL,0
FLPILWGLLSKLL,0
WRGALKLLFYAT,1
KKKKLLLPFYFFF,1
RKGCKCKNGFCVCR,0
RRWKWRRKIKKWL,0
VEWNEMTWMEWEREIENYTKLIYKILEESQEQ,1
RRAAHGLLPRLRAPPPFHKR,0
SDWSLWECCSTGSLFACC,1
TSSMRGVYYPDEIFRSDTLYL,1
QGRVEVLYRGSWGTVC,0
GQPSHDPVPPTT,1
TPLSDIFRGQLRSRVSR,0
GRKKRRQRRR,1
KIIKKIKKKIKKIIK,0
KIIIKIKKKIKIIIK,0
RRAIFASIRGYLGLRKR,0
KKKKVVAAPYVLV,1
LLPRRGPRLGVRATRKTS,1
GWAKRLATRLAKAIL,0
LRDLVAYARTRGAKRRERMNGTARKGHLMHTLAAR,0
ARRAKRRARRAARRARRKARR,1
SSFDPVKFPEDQFNVALDQVFESIENSQALVDQSNRILSSAEK,1
FISQIISTARI,0
WCNWHNIDPWIQLMNRTQADLAEGPPVKEC,1
LLGDFFRKSKEKIGKEFKRIVQRIKDFLRN,0
GSDTSLIDTCGNTPNVSGAN,1
GDPTFCGETCRVIPVCTYSAALGCTCDDRSDGLCKRN,1
IKALGKKLRKGKKKIGKKVK,0
DLEVVAATYV,1
RMKQIEDKIEEIESKQKKIENEIARIKKLIGERY,1
KKKKLVAATYVLV,1
KKKKVVLPTYVLV,1
FWIIQCWWRQVLEKLLAKRRR,0
GIWSDLAEIIKKF,1
GFFKKAWRKVKHAGRRVL,0
PYVGSGLYRR,1
DDSVVSAAMSYSHA,1
QQLLFIHFRIGCQHS,1
WLVWIWQRRR,0
QKQIANQFNKAISQIQESLTTTSTALGKLQDVVNQNAQALNTLVKQ,1
RVDLGDCIGKDARDA,1
WIKKIWKKIIKKIK,0
HCSLAYGDASTLVVF,1
KVNHAACAAHCLLKRKRGGYCNKRRICVCRN,0
LVQPRGPRSGPGPWQGGRRKFRRQRPRLSHKGPMPF,1
TRNLLTTPKFTVAWD,1
EGPTLGNWAREIWATLFKKA,1
GRRGSGLGRSSSR,0
VLDLVTKTLKNVPKTVKGLLPL,0
IIKDLLKIVTPIANQLIKYQ,0
LAGQGSPDLLGGHSLL,0
GWLRKLGKKIERIGQHTRDASIQVLGIAQQAANVAATARG,0
RPRPQQVPPRPPHPRLRR,0
CGIKKWLHSPKKFPKKFVKKIMNS,0
GCVFLLPAKPHNYKKVFLSKGV,0
RICRTRLTRRAGNSL,0
LVDIYTHVYNCTSSEKHTHCYEIRKSIS,0
FLPIVAKELSGLL,0
ALWKTLLKKVGKVAGKAVLNAVTNMANQN,0
AAATQAANGGPATPA,1
KKHRKHRKHRKHWKKWSKRWRHWIPQCKKFGRR,0
IRKVLFLDGIDKAQDEHEKY,1
NEDTVTQAASRVCDKMKILRGVCKKIMRTFLRRISKD,0
WKCTKSGCKW,0
MAILGDTAWDFGSLGGVFTSIGKALHQVFGAIY,1
NFFKRIRRAGKRIRKAIISA,0
KWKLFKKIWGKPV,0
TEEAELELAENREILKEPVH,1
WRQWRQWRQWRQWRQ,0
FNVALDQVFESIENSQALVDQSNRILSSAEKGN,1
FLPILWGLLKSLL,0
GLRRLLGRLLRRLGRLLLR,1
LKLKLKLKLKLKL,0
GWGSFFRRAAHVGRHVGRAALTHYL,0
RRGRTGRGRRGIYR,1
ACWGAGIKQEF,1
AHPRIKKHLDLLMKKERHLAMKIAAP,0
VRDNMAKLRERLKQRQQLFDSQQGWFEGWFNRSPWFT,1
RLTGLLATSGFAFVNAAHANGAVCLSDLLGFLAHSRALAG,1
GGGGPTPEYFLMPIDPAWLQANLPNTGKYN,0
EVIDKINAKGVCRST,1
IKKTYEEIKKTYEEIKKTYEEIKKTYEEIERDWEMV,1
RRLRTTTKLPPV,0
PPPTHQSPNTTDMPPPATLSGPTGINRPP,1
CKSCDTRCTCLRRRLRVGVGLPCMGC,1
STLPETTVVRRRGRSPRRRT,1
KLLKKVVKLFKKKKK,0
TRHRHVPRFLPLRHV,1
KRLKKIGKVLKWIPPIVGSI,0
FLWRISKFLGKKL,0
FLGTVLKVLLKVLPAALCQIFKKC,0
LERLDVGTNLGNAIAKLEAKELLESSDQILRSMK,1
SPAIFQSSMTKILEPFRKQN,1
KKLKRYFVDYRRVLV,0
GYFVQDDGEWKFTGSSYYY,1
DARDAMDRIFARRYN,1
GGGGRGYEYNKQCLIFC,0
KRKRAVKRVGRRLKKKLARKIARLGVAF,1
MGSVIKKRRKRMAKKKHRKLLKRTRVQRRNKK,0
GSKPWWWSYFTSLSTHRPRWLLKY,0
HGQNRWPLSCPQYVYGSV,1
FLPIIAGLAAKFLPKIFCKITKKC,0
GILDAITGLL,1
FLQHIIGALSHIF,0
RWFRFPGRWFRF,0
WRFRWKRMLK,0
KKFKWWWKFKK,0
WLVWIWRREQ,0
RKIKKRRKKWR,0
CPGGKRIVKRIKAFLRGPGGKRIVKRIKAFLR,0
KKKKLLLPFLVLF,1
SKHSSLDCVLRP,1
INLKAIAASAKKLL,0
DCWVRLGRYLLRRLKTPF,1
DDSVVCAAMSYSHA,1
LIKKLKEYLKKLI,0
LKKIGKKIWRVG,0
MRSSGDYGEVTGAWIEFGCH,1
ALGPAAAAAEMMTACQGV,1
FKDLGEENFK,0
LEAIAMSIPPEVKFNKPFVF,1
AACEVAKNLNESLIDLQELGKYEQYIKW,1
AAAQWDFGNTMC,1
QRRCRQRRGICRPRPCPPENFSLGRLDCQMGRMCCRRRFGK,0
WRTWRTWRTWRT,0
FLPIVGGLLSKLL,0
KNKKPKNPTPPRPAG,1
VLIKTRLFIKRK,0
AKKQRFRHRNRKG,1
GFIKKFIKKFIKKF,0
FLPIVGSLLSKLL,0
QHARKKKKRAHQ,0
FLGTLLHGAVHVSKILHGIMGGDH,0
KFAKFAKKFAKFAKGGRPKPQQFFGLM,0
RRKKAAVALLPAVELALLAP,1
ELQREESPTGPPGSIRTWFQRIPLGWFHCTYQK,1
MDGPKVKQWPLTEEKIKALV,1
VKQCRWCGFDFDGPDGLPHYPIGKCILANE,1
KKKKVVAGTYVLV,1
DDHETDMELKPANAA,1
KLFLTLWKLKR,0
AVLIPFKVKFKVKFRCKAAFC,0
SPYPMALFPLHN,1
KKKKLLAPFLVFF,1
FKNHTSPDVDLGDISGINASVVNIQKEIDRLNEVAKNLNES,1
KKKKVLAAFYVLV,1
IEVTFVNRRGDGAELWYLSA,1
GVFYPWRFRLLCLLRRWLPRPRAWFIR,0
PPSHRTTPASRSLPPLRVFVVLSFSGVHLNKIRIRAREIYES,1
FLPKIIGKLSSLLPKIF,0
KGACDYPEWQWLCAA,1
GLMSSIGKALGGLIVDLVKPKTPAS,0
KKKKYRNIRRPG,1
AELYVREHLREQSRK,1
SVIFGCTKSIPPICFVGF,0
GALWKTLLKKVLKA,0
CWTKSIPPKPCRLLRKFFRKLKKSV,0
IQKEIDRLNEVAKNLNESLIDLQELGK,1
TRRKFWKKVLNGALKIA,0
KGLSGPRYVWWLV,1
RWKIFKKIKKFLHSAKKF,0
RCVCRRGVCRCVCRR,0
ILGPVLGLVSRTLRRVLGIL,1
GFMKYIKPLIPHAVKAISKLI,0
ISGINASVVNIQKEIDRLNEVAKNLNESLIDLQELGK,1
KWLLKWLKKL,0
FKWKSVLKIVKIFVDIYF,0
TFLVHREWFMDLNLPWSSA,1
QAGLAVRPGKSAAQLVGE,1
KKKKVVAATAVLV,1
QWTYQIYQEPFKNLKTGKYA,1
VRRCSELMGRRNPVCPGYAW,1
CVCVKTTSLVRPRHI,1
AHPKVKRKLKRMQRKKDGKQKRH,0
KKIWKKWIKI,0
MDVNPTLLFL,1
LAKKLAKYLKKAL,0
NRTSRRKRYAEHKSH,0
LLGIKILWSARKFGKVIEKSF,0
RRIRRPRLPRPRVPRPRIPPRIPRPVLPPPRVPFPRFPR,0
RWVRVPGRWVRV,0
FLFNVIPHAINATASLIKK,1
VRGKILVRWIRWRIQW,0
EVVLFLLNVF,1
FLQFWSKGVFRIL,0
CRVRCRRRRRKCRLRC,0
KKKKKVAATYVLV,1
IKKIIKIIKKIIKKI,0
ADPRVKKVLGVAMQIRKAQLMREKLNSIMRR,0
GFLSILKKVLPKVLAHLK,0
ACFPWGNTWCGGK,1
KKKKLVAPTYVLV,1
HLLSLLKKAAKKLLKKLLKKLAKKL,0
RCNLLNGVCRHTLCHSLEKYIGRCHRGLRNCCV,0
EINCTRPNNNTRKSIRIQRGPGRAFVTIGKIGNMRQAHCNIS,1
KQRQQLFDSQQGWFEGWFNRSPWFT,1
DCFSESAIRKAILGH,1
WLVWIWRRQR,0
VEELMKLLEELLKKLEELFKKLEEWFKKWFELSKKFT,1
KRKIAARARLVA,0
KLFKKLFKKLFK,0
GICRCICGRGICRCICGRIGGRVPGVGVPGVGHHHHHH,1
KENIAPYKFKATMYY,1
PPLPSVTKLTEDRWN,1
WKGPAKLLWK,1
ACNGLRPRFIRSICEKLVRKYQDK,0
CGKKWGWWKCKL,0
YKPRRKRAAIHVMLALATVLSI,1
KAFEEVLAKKFYDKALWD,1
KKRKRRFLGFLLGVGSA,1
IDLNITMLEDHEFVP,1
GILDALTGIL,1
KYYGNGVHCTKSGCSVNW,0
RRWVQRWIRRWRKWV,0
KVKFRCKAAFC,0
KGLSGPFFWWLFV,1
KEGSNICLTRTDRGWYC,1
RRGRVGRNPNQVGD,1
SWLRDIWDWICE,1
SFYSVLFLWGTCGGFSHSWY,1
TGDFVYMSPFYGYRE,1
KKCIAKAILKKAKDLLDDLVNP,0
MAKLLRLDKKRNKFLCFV,0
IHFRIGRRRRRRRR,1
RRWLWRRLWLWR,0
MKQPSKTKTHFKYFLLFLKSVKKVAGFKKKKKKYHWRSYKEGSCFRKRT,0
LIRCSRTCLQYKTSRFMRW,0
AIFQSSMTKILEPFR,1
FFVIFYRRKK,1
FLFAFRIFKRVFKKFRKLFKRAF,1
CIVEEVDARSVYPYD,1
PPLRYSPPGQRVIPPPADERFLRFLVFHLNKIRIRAREIYES,1
WQVMIVWQVDRMRIR,1
GIQKKIQKKIQKKQ,0
FLPLIGKVLSKIL,0
TAYFLLKLAARW,1
HAILMRIRQMMT,1
LNALKKVFQKIRQGL,0
YNYKYRYLRHGKLRPFERDI,1
IKLSPKTKKNLKKVLKGAIKGAIAVAKMV,0
FADIDTVIHADANAA,1
KLFRIIKRIFKG,0
GALEIFKKYRLPKCF,0
QARSDIEKLKEAIRDTNKAVQSVQSSIGNLIVAIK,1
KKKKVVAATLFLV,1
TDIQTKELQKQITKIQNFRV,1
PPDVHTPPHALWRLHLSLRVCLVRMWIH,1
GYHLMSFPQAAPHGVVFLHVTW,1
HVTTTFAPPPPR,1
KLKLKLKLKLKLKLKLKLKLKLKLKL,0
IEQLIKKEKVYLAWV,1
GWWRRTVRRVRNAVRRV,0
FIFSKLFLGLIKI,0
AIGWGDPITHWSHGQNRW,1
IRHWRRVWRHWRRRL,0
AVLSFVHKLFLNFLHVDTSKGKCRATLQ,0
MTWMAWDRAIANYAALIHALIEAAQNQQEKNEAALLEL,1
VDARSVYPYDEFVLA,1
MWGRILGTVAKYGPKAVSWAWQHK,0
GIFKKITGKLFKWIK,0
AYQPLLSNTLAELYV,1
FLGALIPAIAG,0
GLWTGKYTDVFGGRALIKIIIQT,0
GTKAWTEVWPLC,1
KWKSFIKKLAKFGFKVIKKFAKKHGSKIAKNQ,0
TKFPSVYAWERKKISNCVAD,1
GELGRLVYLLDGPGYDPI,1
GLHKVMRKVLGYLRNVYK,0
KKKKVVAATYVTV,1
GLLLDTVKGAAKNVAGILLNKLKCKVTGDC,0
KWKLFKKLGAVLKVLC,0
SALYALYDFSPPARKMRAYTVRAYVHGSYSRRGPWYDFEPVPGASMDGL,1
FLPILANLLGKLL,0
GLGIIPHRRYGK,0
FLPLIGGLLSKLL,0
LKKLCRILKKLCRILKKLCRI,0
LRDIKAENTDANFYV,1
DGSLLGRMKGAA,1
FLPIVAKLLSGEL,0
ESVKITCARPYQNTRQRTPIGLGQSLYTTRSRSIIGQAHCNIS,1
SGCANNTCYNVSVIVPDYQC,1
TAALELDIKLTQHYFGLLTAFGSNFGTIG,1
AAARIRHEGVFLLIGNSCFSLPRNGPQLLLLAW,0
VATRDGKLPTTQLRRHID,1
LLNPTHQIYPVTQPLAPVHNPIS,0
ALWKSILKNAGKALNEINQIVQ,0
AGAKRYKYLRRLFRFR,0
GLFKKLWRKIKKWF,0
ITEPVGTKAPTFTSELRGGWLKKR,0
HRILMRIRQMMT,1
RKRAIVKRKVAA,0
SSIEKQVALLKALYGHGQISHKRHKTD,0
RKIKRYLRRMIPPIMRELYREIER,0
RSPRVCIRVCRNGVCYRRCWG,0
FLPIVGGLLGKLL,0
PPARSSPPMPPNLPPLRRRIILLRFLFH,1
RRICRCICGRGICRCICG,1
EEEEAAAGWGLRRLLKYGKRS,0
KIPLELWTRYNMTINQTIWN,1
IRKAHCNISRAKWND,1
RWIKIWFQIRRWKNKK,0
CKLLKTFLSKWIC,0
SDEKASPDKHHRFSLSRYAKLANRLANPKLLETFLSSKWIGDRGNRSV,0
KKWKCWARWRLKK,0
CFSIDSPDSLENI,1
SGIDQEQNNLTRLIEAQIHELQLTQWKIKQLLARILK,1
KWKKFLKKLTSAAKKVLTTALKPISS,0
KKQHISGFNIDQFCPHAQK,0
NPNAIASVTVGRRVS,1
KDSTKWRKLVDFRELNKRTQ,1
RQIRIWFQWKRWKWKR,0
YQVVKQPDYLLVPEEVMEYK,1
ATAGWTFGAGAALQIPFAMQMAY,1
LLGGLLQSLL,1
MYNCSLQNGFTMKVDDLIVH,1
GWVKPAKLDG,1
FNMTKAVEMVNIAGNWSCTS,1
GILSKLGKALKKAAKHAAKAG,0
QYMDDLYVGSDLEIG,1
PRHHWTTQDCNCSIYPGH,1
RGLRRLGRKIAHAVKKYG,0
KKKKVVAATYLLV,1
KKIKPPLPSVTKLTE,1
FLAAARIAKRVAKKARKLAKRAARKRK,1
GGAGLTGGFYEPLVRRC,1
KALKAALKIGAN,0
GVIPCGESCVFIPCISAAIGCSCKNKVCYRN,1
ADRFKQVDGFYARDL,1
ADGALLGRMKGA,1
PRPISYLKGSSGGPL,1
YAGAVVNDLL,1
KKKKLLLPFLFLF,1
KKCKFLCKVKKKLKSVGLQISMGI,0
MIRTFSSSINVRPRFCILGMISIPSEQLYPTIKTEE,0
FKVKAKVKAKVKAKVKAKKKK,1
CDVIALLCHLNT,1
VPLPNVPQPGRRPFPTFPGQGPFNPKIKWPQGY,0
LKKLCCKCKLKC,0
FLPFLASLALKIL,0
THLEGKVILVAVHVASGYIE,1
CLLLGTEVSEALGGAGLT,1
MSTNPKPQRKTKRNTNRR,1
QRQQLFDSQQGWFEG,1
GKCIAKAILKGAKKLLKKLVNP,0
RWLHLNGRWLHL,0
KKKKVVAAAYVLV,1
NLLNDALGTVNGLLGS,0
KKKKVVAATGVLV,1
FLPIVAKLLKGLL,0
GRRLSKVLGKLRDKIATWRQRLLTK,0
KKKKVVAATYGLV,1
WAKKAAKIGAKALPSVVKLFKGSGQ,0
TKGPGRVIYATGQ,1
KLLKLLKLLL,0
KKKKFVAATYVLV,1
SWLRRIWRWICKVLSRFK,1
VVVNVLVKVLPPPVV,0
RWKRHISEQLRRRDRLQRQAL,0
KKKKFVKKVAKKVKKVAKKVAKVAVAV,1
GQIKKQIKKQIKKQ,0
MDYQVSSPIYDINYYTSEPCQKINVK,1
GLKKLLLLLKKLGGGYTLSDRSHNPFN,0
KVLGRLVKALGRLV,0
ILPCKWPWWPCRR,0
HRILMRIRQAMT,1
FLKIIGKLLSGLL,0
ACTKSIPPICGK,0
MSEALWTAWTQW,1
KIPCGESCVWIPCVTSIFNCKCENKVCYHD,1
LSNTLAELYVREHLR,1
KKKKVVKATYVLV,1
RGIRGYKGGYTGRFKQTKY,0
GGFLIAYQPLLSNTL,1
LQQLLFRRRRRRRR,1
IEEINKKVEEIQKKIEELNKKAEELNKKLEELQKK,1
VCEHIHLIRGLCHHLMHSYIKR,0
IFFRRNKKMAVKVAINGFGRIGRLAFRQMF,0
SYWVRASGGGFFFLSRIFKKK,0
KKKKKKFLPKLLSALAKIL,0
AGHATLREHLRDIKAENTDAN,1
KISKIGPENPYNTPVFAIKK,1
MSTNPKPQRKTKRNTNRRPQDVKFPGGGQIVGGVYL,1
AAPCFCSGKPGRGDLWILRGTCPGGYGYTSNCYKWPNICCYPH,1
VLDLIYSLHKQINRGLKKIVL,1
SSTSTVTPAHST,1
GLARALTRLLRQLTRQLTRAC,0
RRIRPRPPRLPRPRPRPLPFPR,0
ADGALLGRMKRA,1
RQIKINFQNRRMKNKKGELDELVYLLDGPGYDPIHS,1
KVAGRLVKVLGRLV,0
ATAEATRRMLHRAFDTLA,1
GLMDMLKKVGKVALTVAKSALLP,0
CCGCCYIAACARNNSNCSSHLECSTC,1
CGECGGGHIVGRFCMVVRFLRLVFI,1
KFAKFAKKFAKFAKGGFGLM,0
MPITNDQKKLMSNNVQI,1
ASVVKKWTKGWAKLLK,0
AIPALGTNVKKRRHG,1
MRNKINISSLKAYASFFALMPHNVSLKIAIVNALSFSG,0
SQMGRMSSRRRFGK,0
ENGLHNRSLNPR,1
WRNWRNWRNWRN,0
CNCTNSSSSYSGTKMACPSNRG,1
VGSASCTIAALGSSDRDTVV,1
LKKLWKRIIKVGR,0
KMICKTRVDCKKYRCPRSKIKDCVKGYCRCVRKK,0
ADLEVVAATYVDVD,1
GWLKKIESIIDAF,1
VSPRCEYQAGHNKVG,1
RRKKAAVALLP,1
IRIRRRRFRIRI,0
LLWIGLKKKK,0
KKLLKWLLKW,0
CGTCVRDCWPETGSVRFPFH,1
GLVGKLVKGGLKLIGHVANG,0
IINVKTSLKTIIKNALDKIQ,0
LKLKLKVPPTKLKLKL,0
CWWWWKKKKKC,0
RARRSLLIASALCTSDVAAATNADLRTALARADHQKTLFWL,1
PLSPPLRNTHPQAMQWNSTTF,1
QETAYFLLKLAGRWP,1
RHIDLLVGSATLCSALYV,1
GIINTLQRYYCRIRSGRCALLSCLPKEEQIGRCSSTGRKCCRRKK,0
RQHLLRWGLTTPDKKHQKEP,1
FLGALLKIGAKLLPSVVGLFKKKQQ,0
FLSKILSTLRILF,0
KKKKVVAATYVFVA,1
LITPKKIKPPLPSVT,1
GIADILKGLLG,1
GIIDIAKKLFESW,1
QKVVAGVANALAHRYH,0
RRWWRFPPPRFPPRFPPP,0
TAYFLLKAAGRW,1
QRICLGGRGFCHSTPCPRSTIDYGKKDCWGSLRCCEPKRPGK,0
MPKTRRRPRRSQRKRPPTPWP,1
SGSEAYQGVQQKWDA,0
WKKLKKLLKKLKKLLKKL,0
AHWGVLAGIKYFSMVGNW,1
IVKQIWKKLRFV,0
HQTLSGIDQEQNNLTRLIEAQIHELQK,1
GLKKLLLLLKKLG,0
FTPNTDIITRTTGGGLKKLLLLLKKLG,0
SIVYEAADAILHTPGCVP,1
FLHSIGKAIGRLLR,0
KKKKLLLPFLFLV,1
QVDGFYARDLTTKAR,1
RGSRSGQSSRGERRGSSSGSSSR,0
GRKRRQTSMTDFYHS,1
FLPIVEKLLSGLL,0
CGGKRIVQRIKDFLRGAGGKRIVQRIKDFLRG,0
ACWWAAIKQEF,1
TKPKGTKPKGTKPKG,0
LPEKDSWTVNDIQKLVGKLN,1
FKAWRWAWRWKKLAAPS,0
GIKYFSMVGNWAKVLVVL,1
KAIKRIGKRIKKLLLKLKKK,0
CRVRININNGRRRVKLQLQC,0
TCGETCFGGTCNTPGCTCDPWPICTDRGLP,1
WKWKWKCTKSGCKWKWKW,0
KKKKVVAAGYVLV,1
LLGGILGIGLGVLLLILCLP,1
HSDGIFTDSYSRYRKQMAVKKYLAAVLGKRYKQRVKNK,0
AIVQRIKKWLR,0
PEDQGPQREPYNEWT,1
YEESQAELEGSLK,0
KKKKVVAETYVLV,1
RRRLQRPLRRIHRLLRKAKKFGKAFVGEIM,0
RPRLSHKGPMPF,1
CWWKKKKKWWWC,0
IHAEIKNSLKIDNLDVNRCIEAL,1
RSIIRNGIRTLTWRKETKRKKK,0
PPRLLDSPEVMVILHLGFRIGLVRLWIH,1
GRHGSGLGHSSSHGQHGSGSGR,0
LKWLLKWLKK,0
DLADQLIHLYYFDCF,1
ALYVGDLCGSVFLVGQLF,1
KGLSGPSIRWWLV,1
ADLEVVAATYVLDA,1
LKLKRRRFKLKL,0
RGILRNWYNPFAGLRQSLEQ,1
CPRSKIKDCVKGYCRCVRKK,0
LKNARIVGELTGFRPVRPQVRLE,0
MGIGKFQKMRFIGAIRASKGVAKGLLRIAAIRTGRRALTT,0
DIKKKLSMVCDEIGFLKSLCRKFVNTYADTLIEEISTTD,0
LCCLRCRLKLRC,0
RRPLARPLIRFIRRPW,0
MNINPYPLFIDVPIQ,1
AFLGWIGAIVSTALPQWR,1
PAFCQAVGWGDPITHWSHGQ,1
RRRRRRRRHPAEPGSTVTTQNTASQTMS,1
RWMVWRHWFHRLRLPYNPGKNKQNQQWP,1
FAKKFAKKFKKFAKKFAKFAFAF,1
ATPKMEQFLQKLMKRMARLKASAV,0
FPFLLSLIPSAISALKKL,0
GLISGILGAGKK,0
CTEEHIVATELVIQEMYIKINVKNSP,1
FAVGLRAIKRALKKLRRGVRKVAKDL,1
GPWVWVPAFCQAVGWGDPIT,1
GNHDCCMGQLPKCMLGPGQGAATCQGK,0
GRKKRRRRRR,1
FAEPTNSEEEGESYSKEVPEMEKRYGGFM,0
RFLRRIFFFF,0
WLGSALIGALLPSVVGLFQKKKKKK,0
WDRGNVTLLCDCPNGPWVWVPAFCQAVG,1
AGDNATVAAGHATLREHLRDIKAENTDAN,1
KKKKLLLAFLFFV,1
LRSRTKIIRIRH,1
TWLRAIWDWVCTALTDFK,1
PPGTGEEPEQAGLPPPELLVEPDYMWSPP,1
RKVDFLEENITALLEEAQIQQEKNMYELQKLNSWD,1
KLLLRLRKLLRR,0
FLPIVAKLLSKLL,0
FAIAIKAIKKAIKKIKKAIKKAI,1
RLRRILRKIVRRL,0
HVFRLKKWIQKVIDQFGE,0
RRIRRPRLPRPRVP,0
KKKKVVAATYTLV,1
WQEWEQKITALLEQAQIQQEKNEYELQKLDKWASLWEWF,1
LFYLVPGPGH,1
EPCTVGHRRYFTFGG,1
RRIIRIIRIII,0
RQIKIWFQNKKWKWKK,0
KKKKLLLPTLVFF,1
LGRTLAAIKLTQHYFGLLTAFGSNFGTIG,1
IIIVIIVILLSLIAVGL,1
CATCIADHRSHRQMV,1
QRLRWLRDWKSS,0
DTRACDVIALL,1
KHMHWHPPALNT,1
RLKRFKRVALRREKTARNFRSIVS,0
KLMIPRKKRGIFGGLLKVGKKIACGLSGLC,0
YGNGVFSVIK,0
GFVDFLKKVAGTIANVVTG,0
QEWCRGLGGFCSFYQCRPGHDLGPQDCWPERRCCRWGK,0
VNYFFDVEVGRTI,0
GWFKKAWRKVKNAGRRVLKGVGIHYGVGLIE,0
WSKKWKKKWKW,0
IHKLAKLAKNVL,0
INWLHLGHMVIDAL,0
GSYISCGETCVKLKCYTPGCTCTWPACKKN,0
RRRRRWWWWWW,0
YPHHFKHRHIPI,0
KKLLRLLKVLLR,0
LKKWLKWLLK,0
RFLRRIFRFFF,0
FWNLNKKKKFFYKTVKNSIGQVILRDMSNN,0
KIPKPLKKFLKKL,0
KKLLLGLGLLLKK,0
ATCDLLSPFKVGHAACAAHCIARGKRGGWCDGRAVCNCRK,0
VPTHLATDVELKEIQGMMDASEGTNYTCCK,1
PVDCTMYSNKMYNCSLQNGF,1
KLKLKLKLKLKLKLKL,0
LHDLRFADIDTVIHA,1
FFKKVKKSVKKRLKKIFKKPMVI,0
ELSEWGVPCVTCILDRRPAS,1
VFRLKKWIQAVI,0
RWFKFNGRWFKF,0
GKTKCTASNKNRGIIKT,1
EDGGSFMCLWCGEVHG,1
GRPDGFIHVQGHLQEVDA,1
PPRGAHRPNSTVVLHLVIRLCLLRFVVH,1
DWHLGQGVSIEWRKK,1
VSFAIKWEYVLLL,1
FLFSAGKAIHRLIRRRRR,0
ANIKLSVEMKLFKRHLKWKIIVKLNDGRELSLD,0
AKVVNKLTGGVAGLLK,0
VCYCRSRGCKGRERMNGTCRKGHLLYTLCCR,0
TRDAIEPCTVGHRRY,1
RRRRWWWWWWW,0
REHLREQSRKPPNPT,1
DVKQLTEAVQKITTESI,1
HLVAVIGSYR,1
GGHYLGALLGPLMNLLQ,0
CTLCRVVDCCLYAIVFVMVRVVVLCVNKIRIRAREIYES,1
KDLKVVAATYVKKK,1
KKKRGFWYHVGDAVTSFGRGFASAFG,0
FKLPLGINITNFRAILTAFS,1
ALRGCWTKSIPPKPCK,0
WLKKLLKWLK,0
MWGRILGTVAKYGPKAVSWAWQHKWELINMG,0
RRRRKWWWWW,0
RRAGRSRGRSRGRPPGRPRLPGLNNPIAGIPGRK,0
TTPFTIRGPLGNQGRGNPVR,1
IKKEIEAIKKEQEAIKKKIEAIEKLLQLTVWGIKQLQARIL,1
VKVKVKCTKSGCKVKVKV,0
KKKKVVLATYVLF,1
DFWEVQLGIPHPAGLKKKKS,1
RSWIFCTRYIPPICFVGWR,0
ATCYCRTGRCATRESRSGVCEISGRLYRLCCR,1
KKKKVVAATYVLG,1
IVIYQYMDDLYVGSD,1
IIHNEKVQAHGKKVL,0
ADLEVVAATYVLDD,1
GKALKAALKIGANVLGGAPQ,0
KLFGKVGNLLQKGWQKIKNIGRRIKDFFRNIRPMQEA,0
GFIGWGNDIFGHYSGG,0
KKKKVVAATYKKVA,1
RKTSERSQPRGRRQPIPK,1
ANIKLSVKWKAQKRFLKMSIIVKLNDGRELSLD,0
VFRLKKWIQKAI,0
WKLKLKLKLKLKLKLKLK,0
CTSDLPSSWGYMNCNCTNSSSS,1
GLLGKVLGVGKKVLC,0
ANGSRIPTGERVWDRGNVTL,1
AVLIPFKVKFKVKFKVKFRCKAAFC,0
VKLYVYPLKVKLYP,0
AIPFIFIFRLLRKG,0
KRKIFLRTKILV,0
WYQLEKEPIVGAETFYVDGA,1
LLGDFFRKSK,0
LLRRGGEKLAEKFEKIGQKIKNFFRKLLPETES,0
SGIVQQQNNLLRAIEAQQHLLQLTVWGIKQLQAR,1
FEPIVAKLLSGLL,0
GIWKSLFTKLLKG,0
KSGGGGWGSGGGGGGGGGWWWSGWGVDR,0
TMTPPPTSVRGT,1
YEDQGPLVEGQLGEN,1
ARCCLVMPVPPFACVKFCS,0
TAYFLAKLAGRW,1
RSVIFGCYRRFCFVGFK,0
TALKSLSILKKLAKLNM,0
KKAWKSKLAKKLRAKGK,0
GLFDIVKKVVGTIAGLG,0
FKWKSVLKGVKGFVDGYF,0
FFSLIPKLVGKLIKAFK,0
PVLQPALSLSCGPEPLLLSC,1
DDSVVSAAMSYSFA,1
KKKKLLLPFLVFV,1
LEEWYKKTEELQKKFEEIIKKIEENNKKVEEGLKK,1
PPGSLGWPPNTTEPPPYLRLRLIFLFIHLNKIRIRAREIYES,1
HTTYAADRFKQVDGF,1
SNFASITTPRPH,1
LTLWNEARKLNPNAI,1
RLNNRARIILRA,1
GSLLGRMKGA,1
KLLLKGLGKLLLK,0
AAKKVLKLLKKLL,0
SVSVGMKPSPRP,1
DLLKTLGKAAKKAAKTALKAALKGLLKKLAKKL,0
IDKWKAAFKKIKNLF,0
RIVQRIKKWR,0
ETVPVKLKPGMDGPKVKQWP,1
FKIGGFIKKLWRSKLAKKLRAKGRELLKDYANRVINGGPEEEAAVPAE,0
TAYFLLKLAGAW,1
YPHHFKHRHIPIGGGS,0
TRQARRNRRRWRERQR,1
YPAPIKVLLPNS,1
EDGGSWIESWPEWWLG,1
RQIKIRRMKWR,0
WRTWRTWRTWRTWRTWRT,0
AKRIVKLIKNFFRKL,0
LKKLCAILKKLCRI,0
NIRPRPTARPPYINRPPNPFKPRW,0
IKKEKVYLAWVPAHK,1
FWFTLIKTQAKQPARYRRFC,1
LRCRNEKKRHRAVRLIFTI,1
RTKLWEMLVELGNMDKAVKLWRKLKR,0
SYHWGDYHDWHHGWYGWWDD,0
RRRRWWWWWW,0
KPPSKPNNDFHFEVFN,1
AAGHATLREHLRDIK,1
WGKNLQMKSLYNNLTIGHYKRRF,0
HQIYPVTQPL,0
RGILIHNTIFGEQVF,1
AKRIRKLIKKIFKKI,0
ELLLNPTHQIYPVTQPLAPV,0
LVSFRYEDQGPLVEG,1
KQLLPIVNKQSCSISNI,1
PDKSESELVSQIIEQ,1
AFHRYGTTVNCIVEE,1
GLVRDNMAKLRERLK,1
VLGLALIVGGALLIKKKQAKS,0
TRQARRNRRRWRERQRAAAAC,1
AVKRVGRRLKKLARKIARLGVAF,1
LKTKALNKLKQKLQAVGNLIGSVIKG,0
VCYFMVFLQYGRKKRRQRR,1
KQLTEAVQKITTESIVIWGK,1
KKLLKKLKKLLK,0
KWKSFLKTKKSAKKTVLHTALKAISS,0
SVKSKLNSICNELGLLKSMCHKFVKKH,0
WNSNVHSYRF,0
RHEIKDSGLLDYTEV,1
GAETFYVDGAANRETKLGKA,1
INLRAIAALAKKLL,0
APKEWMAWAREIAAYAKLIAALI,1
FLKLIWKRKKKK,0
ATHTICDRNHTW,1
ACAWAGIKQEF,1
IINKDTLKVIPIKAQLDIYQ,0
VFRLAKWIQKVI,0
GRFRRLRNRIRNIWRKIGPIAGPLISRFG,0
VFRLKKAIQKVI,0
KKKKLVAATYVFV,1
IINVLKSILKPIKNQADKYI,0
GIFSLIKGAAK,0
EFVLATGDFVYMSPF,1
WKKWSKRWRHWIPQCKKFGRR,0
WWKKKVWVKKKWW,0
VVMNLLVKVLKYVV,0
QKKIRIRLSA,1
FFPLIFGALSSILPKIL,0
AESTTPCSGSYLKA,1
RITKQPWAPPQAARICQFVLIRVCR,0
LGCNQNQFFCKIPLELWTRY,1
FSSDAISTTFTTNLT,1
YQLLIRMIYKNI,1
TGAWIEFGCHRNKSNLHTEA,1
GIGAVLNVAKKLL,0
KKKKVVAATYFFFA,1
ADLKVVAATYVLVA,1
GRRGSGGGRSSSRGGRGSGSGR,0
GSRIWVPGLGPVYEED,0
LLGDLLRKSKEKIGKEFKRIVQR,1
CVRVRLNNGRRRVKVSLQVC,0
LKLKLKPGKLKLKL,0
KWEYVLLLFLL,1
FLYTAFAMQELGCNQNQFFC,1
SSLKKGKKSSKTKKSP,0
VQRWLIVWRIRKG,0
FLKHIKSFWRGAKAIFRGARQGWREHR,0
CSSHFPYSQYQFWK,1
LIMLRRFKHKAHSTYN,0
KKKKVVLATYVLV,1
DSGLLDYTEVQRRNQ,1
LPRRLHLEPAFLPYSVKAHE,1
SRQDEDEDEKRRPR,0
GFFKKFFKKFFKKFFKKI,0
QQRRARNGASRS,1
KKKKVLLPFLFVF,1
MRQEMASVRLVSW,0
WASRELERFAVNPGLLETSEGCRQIL,1
RRLQVGGGTLKFFLT,1
VVKTGCQRRRMLPR,0
LLKSGRLLMKI,0
KKKKVVAATYVLP,1
KGSVVIVGRIILSGRK,1
KVVKKVVKVVKKVVK,0
THRLRRWCRARGLAR,0
RIIDLLWRVRR,0
KWAPEWAPEWI,1
LVTLEHQVLVIGLKVEAMEK,1
LVVLLLFAGVDAETHVTG,1
WLPKIAGKIAGKL,0
LTTTSTALGKLQDVVNQNAQALNTLVKQLSSNFG,1
RGLRRLARKIAHGVKKYG,0
QDLCHNLGGRCFRNRCSWSLRNHGGQDCPWGSVCCKP,0
DLLKTLKKIAKKLLKTLLKKLLKKLLKKL,0
ALWKDLLKNVGIAAGKAALNKVTDMVNQ,0
NKIKFINKYVKKVQLKKILVKS,0
ARKFRRLVKKLR,0
FKDKSVLKIVDIFVDIYF,0
GTKGLTEVIPLTEEAEC,1
HAHSGHGQSTQRGSRTAGRRGSGH,0
EKRRGGKKRKTHQGPVLD,0
RRAAHGLLPRLRAPPPFHKRCVCLCRTAPPP,0
GNNRPVYIPKPPTPHPRL,0
ESQNQQEKNEQELLELDKWASLWNWFNITNWLWLIK,1
VAAFAIIGCLCCRRPRR,0
KKKKVVAFTYVLV,1
PRLPRIPRLPRYPRYPRWPRHPTIYA,0
SDFRRQNRRGGTNKRTT,1
KKKKVVAAKYVLV,1
WMEWDREIEEAAKKLEEAAKKLEEAAKKLEEAAKKL,1
RRCPTRPEGQNYTEG,1
FLPIVAKLLSGLE,0
MARHRNWPLVMV,1
FLPKVKKLLEGLL,0
AKFEVNNPQVQRQAFNELIRVVHQLLPESSLRKRKRSRC,1
KFRRQRPRLSHKGPMPF,1
RRFLRRIFFFF,0
KGATYITYVNFLNELRVKTKPEGNSHGIPSLRK,1
VAADNVIVQNSMRIS,1
GKKWWGWKAK,0
DASISQVNEKINQSLAFIRKSDELLHNVNAGKSIT,1
RLLLVMIGLRSKIKWHSGI,0
RGGLSGIVQQQNNLLRAIEAQQHLLQ,1
MFLVVKVLKYVV,0
VLGSLLKGLLKKL,0
KFAKFAKKFAKFAK,0
PIPKARRPEGRTWAQPGY,1
FLPKVKKLLKELL,0
ASKKGKCNFMCKVKQKLRAIGSKTVIGTVVHKI,0
FSVPLDEDFRKYTAFTIPSI,1
RQIKIWFIWRKWRWKK,0
PFDYGLKWQSCSCRANGSRI,1
TMLEDHEFVPLEVYT,1
WKRFHPFRVVRKIFRRRIKR,0
HRCIGGLCKVRKRGIKGFINIP,0
RRRYIGRYVRFWK,0
FGKCLKLKCVYTPKR,0
RRKKWLVFFVIFYFFR,1
LGDARLVITTYWGLHT,1
SVVPSKATWGFA,1
KVYLAWVPAHKGIGG,1
NIAGNWSCTSDLPSSWGYMN,1
RIILGQCIKREAEAAIEQIFRTKYNDSH,1
SLRLLWSLLLRWWGGGYTLSDRSHNPFN,0
RRWWWRRWWWRRRRWW,0
EARKLNPNAIASVTV,1
SPLGFGSYTMTKIRDSLHLV,1
GIVKKIVKKIVKKV,0
GELGRLVYLLDGPGYDPIHCSLAYGDASTLVVF,1
KQRNRWEWRPDFKSKKVKISLPC,1
CSIELSDIPLSVDFNTMID,1
RKAILGHIVSPRCEY,1
GLKITHTITVKGILGFLWVKIVAQK,0
RIKTRTWRLALRWLKL,0
GAPASVLGSRPFDYGLKWQS,1
LQLEARLQHLVAEILER,1
PPCYERMPRRLIRPPPLLSVLLILRLCH,1
RRRRRRWWWWWWW,0
KIPKPLKKFAKKT,0
PPLFEDTPMVNSIPPLRVRLFLLRLVFH,1
AWDFGSIGGVFTSVGKLVHQVFGTAYGVL,1
RRKKLLPAVLLALLAP,1
YWGCALKCAGPCLGVCAIDTASPVMDAVGTASGYAGGHG,0
ARRYNATHIKVGQPQ,1
YLHRIDLGPPISLERLDVGTNLGNAIAKLEDAKEL,1
GLLQTIKEKLESLESLAKGIVSGIQAG,0
IPLRGAFINGRWDSQCHRFSNGAIACA,1
KRIWQRIKDF,0
LIQRGRFGRFLGKIRHFRPRVKFNVHLRGSVGLG,0
VGNWAKVLVVLLLFAGVD,1
WNPFKELEKVGQRVRDAVISAGPAVATVAQATALAKG,0
YYFFFLSRIF,0
ASCDKCQLKGEAMHG,1
AVLIPFRCKAAFC,0
NGESSADWAKN,1
WKFALKVDSPDV,1
YLPSVLKGLLKKL,0
LQDSGLEVNIVTDSQYALGI,1
IGLKVEAMEKFLYTAFAMQE,1
WIKKIWKKIK,0
ADGTLLGRMKLA,1
GTACGESCYVLPCFTVGCTCTSSQCFKN,1
GSSSRSCRCIRLSRLSSKRT,0
NEPTHLLKAFSKAGFQ,0
HCTYQKGKQHCRLRIRQKVEE,1
SILSLFKMGAKALGKTLIKQAGKAGAEYVACKATNQC,0
KYYGNGVHCGKHSCTVDWGTAIGCIGNNAAANLATGGNAGWNKC,0
KKKKVVLATLVLV,1
TYICEVEDQKEE,1
SRWRWKSSKKGSG,0
CGETCLLGTCYTTGCTCNKYRVCTKDGSVLN,1
CLTVRLNNRRRGVKVSVQVC,0
AEPERRNIKYL,1
RHITSLEVIKAGPHSPTAQLITATLKNGRKISLD,0
WEIHHINKFAQAYSSYSRVIGGTVFVA,1
ATAAECLKHPWLKIKK,0
LMGLFNRIIRKVVKLFN,0
GHRYSQFMGIFEDRA,1
SWFASTGGRDSKIDVWSLVP,1
KKKKVLAATLVLV,1
GIKRGIIKRIKRIKRI,0
KLFGKLLKKLKKILKKIAKKIKKKL,0
WWWWWWKRRRRRRR,0
GIFDKLAKEISIW,1
KQRQNKPPSKPNNDFHFEVFNFVPCSICSNNPTCWAICKRI,1
PPLVVPVEESEIIFWDCWAPEE,1
EEMKKSDEEIKKYIEEIKKVEEESKYDEE,1
VRRGRRPARPGTR,0
TLTVQARQLLSGIVQQQNNLLRAIEAQQHLLQLTVWGIKQLQARIL,1
RRKKAAVALLPAV,1
GQHRTKIEELRQHLLRWGLT,1
KYTAFTIPSINNETPGIRYQ,1
AVLIPFKVKFGKVKFGKVKFRCKAAFC,0
LAHKSRLYERHM,1
DTHTTGGVAGRDTLRFTGFFSFGPKQK,1
KKKKVVAATYVLVK,1
CGESCAMISFCFTEVIGCSCKNKVCYLNSIS,1
KFIVTLRVIKAGPHSPTAQIIVELKNGRKLSLD,0
NYTEGIAVVFKENIA,1
WMEWDREIEEYTKKIEEYTKKIEEYTKKIWASLWNWF,1
RWRWPILGRILR,0
LGNWAREIWATL,1
GTCIDLGSRLYCKLIRRRGMCRSRSHRARIAMMRCERSCGRCH,0
LSKWLKKLGKLLAG,0
LAEGPPVKECAVTCRYDKDADINVVTQARN,1
AEVAPAPAAAAPAKAPKKKAAAKPKK,0
QIQDPEIPKCGWWNQMAYYN,1
VRLASHLRKLRKRLLRDADDLIRLQAEAFQARLKSWFEPLV,1
QHSRIGITQQRRARN,1
TTWEAWDRAIAEYAARIEALIRALQEQQEKNEAILREL,1
WCRRQNLRRWIHWRRNRLLSLNWWRTNRHLKRTKVF,0
NRILPTLIGPL,1
EEHEKYHSNW,1
ILVRWIRWRIQWG,0
YDPLVFPSDEFDASISQVNEKINQSLAFIRKSDELLHNV,1
WLVWIWRRKR,0
IRRIIRKIIHIIKKYG,0
PATPAPPPLGAAPTG,1
RYSTQVDPDLADQLI,1
EYPLSRVDLGDCIGK,1
QLPRIAGKIAKKL,0
ALQELLGQWLKDGGPSSGRPPPS,1
KASVSVKVTASLSKAW,0
AIAVLGEAKALMGRNIRNGIVKAGPAIAVLGEAKALG,0
GVATSAQITAAVALVEAKQARSDIEKLKEAIRDTN,1
CSRCLELALCLDPAN,1
DLLSCLKKKGKCVLKNL,0
QPGYPWPLYGNEGCGWAG,1
MGWWFPPKTGNGAGKAFKKAAAAKWGGLFLKAAWFANKGEWGGGFPKGY,0
SGFDPLITHA,1
RLPRYPRYPRWPRHPT,0
WKKIRRFVSQVIM,1
GLFDIVKKIAGHIAGGSI,0
TKRNTNRRPQDVKFPGGGQIVGGVYL,1
MWFDRKKFFWPGVCLFLLFFPKRFYKKGPEKVFSFRKKYKFARKCKCKL,0
ACWAAGIKQEF,1
TTESIVIWGKTPKFKLPIQK,1
WDRGNVTLLSDSPNGPWVWV,1
ALQLCYRHNKRRKFFVDPRCHPQTIAVVQ,0
VESMNEELKKIIAQVRAQAEHLKTAY,1
GKIHGNTCSMCEAFFQQEAKEKERAEPRAKVK,0
ASCDKCQLKG,1
RRKKVALLPAVLLALLAP,1
KKKKVVAATPVLV,1
GIPCAESCVWIPCTVTAIVGCSCSDKVCYN,1
ASVVNKLTKKVAKLLK,0
IINFYDPLVFPSDEFDASISQVNEKINQSLAFIRK,1
SLLWIALRKK,0
MPRRRRIRRRQK,1
PRPAGDNATVAAGHA,1
KKKKVVAATYVEV,1
GTTVNCIVEEVDARS,1
VIADKYYGNGVSCGKHTCTVDWGEAFSCSVSHLANFGHGKC,0
KAFKFGLKTV,0
ISTTFTTNLTEYPLS,1
FYHSKRRLIFSKRKP,1
KPKRGVNFRCRKGK,0
GLFKKLRRKIKKGFKKIF,0
GVLLLILCLPTLVDCIRNCI,1
IAVVFKENIAPYKFK,1
GIKCKFCCGCCTPGVCGLCCRF,0
NQTKDLQQKFYEIIMDIEQN,1
FLPIVGGLLKSLL,0
ACWWAGIKAEF,1
FIKKIIGALGKLF,0
RIIRLLWRVRRGWKRKRFG,0
DQYLESVKKIHKRLDV,1
FYSHVPNPCITDKDCIRRAGMNIRCRKGYCVNLILR,0
RFRLPFRRPPIRIHPPPFYPPFRRFLGRR,0
TPLPTIRGDTGT,1
AFKMALKLLKKVL,0
GVGKKLWFALKKPLGLVKFFKLL,0
ILMCFSIDSPDS,1
KKKKVGAATYVLV,1
TDAVDCSQNPLAELKCSVKSF,1
KKKKVLAPFLFFF,1
GRWPVKTIHTDNGSNFTGAT,1
ALNCYWPLNDYGFYTTTGIGYQPYRVVVLSFEL,1
QKQGQGQWTYQIYQEP,1
RPEGQNYTEGIAVVF,1
DVKFPGGGQIVGGVYL,1
VVLNLLVKVLKYGK,0
CGETCVGGTCNTPGCTCSWPVCTRNGLNPV,1
LWKIGKKIWRVG,0
PSSKRFQPFQQFGRDVSDFT,1
GGHGVRRFPWWWPFLRRGGC,0
ATHIKVGQPQYYQAN,1
WQCLTLTHRG,1
KARVSVKVTASLSKAW,0
KRRKFWKKVLKKAKKIA,0
GLRWIWKIWRRL,0
MGYIPLVGAPLGGAARAL,1
KGLSGPFCSWWWV,1
ESVVINCTRPNNNTRRRLSIGPGRAFYARRNIIGDIRQAHCNIS,1
GRPNWGFENDWSCVRVC,0
LALILRKIVTAL,0
KALKAALKIG,0
RWLRLPGRWLRL,0
FFFFFLRRIF,0
GAKTETLVIPETELEAC,1
KQRQNKPPSKPNNDFHF,1
KRWNETITGPSGCANNTCYN,1
GLFKKLRRKIKKGF,0
PQMELRRNGRQCGMSEKEEE,1
RRIIRRIWRW,0
WRKFRWKRMLKK,0
KCPTPAIEPPTGTFGFFPGV,1
FLPFLGKLLSGIF,0
GVIDAAKKVVNVLKNLFG,0
KWLVWIWRRR,0
GLLGKILGAGKKVLLGVSGLL,0
ATKKCALWSILKAVAKI,0
HLPLPLLQPLMQQVPQPI,0
KKLFKKILGRYL,0
WLVFFVIFYFFR,1
LKKWTLKASQFFGLM,0
LVRDSMAKLRERLNQRQKLFESTQ,1
FLGALIPAITGLIGGLINR,0
FDEMEESSSHLPYI,1
FLRRFWRIWRR,0
SYQRIRSDHDSHSCANNRGWCRPTCFSHEYTDWFNNDVCGSYRCCRPGRR,0
AECVVSCSMSYTKA,1
CRIKVDVNNRRRRVRLQVQC,0
DFRRLPGAFWQLRQP,1
GELDELVYLLDGPGYDPIHCDVVTRGGSRLFNF,1
KSWKKHVVSGFFLRLWVHKK,0
DLQAPLYKKIIKKLL,0
SHHRPRLFHRRRH,0
DDMSVISELICTSPLDFIN,1
TAYFLLKLAGRL,1
FFHHIFRGKVHVGKTIHRLVTG,0
CRVRLNRRGRKVSLQC,0
CICCCMCVLYAVLWWLSVLVSLCELLIRSEFELERSMNRRY,1
CEEQAQQIRLQAEAFQARLKSWFEPLVEDM,1
IITNRRCKSHKDCPGFGKCLKLKCVYTPKR,0
GRRGGGGGRGGGRGGRGGGGGR,0
FKCRRWAQRWRMKKLGA,0
SGIVQQQNNLLRAIEAQQHLLQLTVWGIKQCCGRISGIVQQQNNLLRA,1
YCNSSCTRAFDCLGQCGRCDFHKLQCVH,0
MILLLKQKSGKRWARVRLVSW,0
LQKWEDWVRWIGNIPQYLKG,1
DEDEDEKRQPH,0
MTGRLISWWWSL,1
QWWGGRGGGRWRGGWRGGWRGRGRGWW,0
YTSLIHSLIEESQNQQEKNEQELLEFDKWASLWNWF,1
SIQDLNLSMKLFRKQAKWKIIVKLNDGRELSLD,0
MWIKWKKPRKWGRRLKKKEKEELGDYIYLYCKVYRLFGFLPYFISKKTA,0
GFLDVIKHVGKAALSVVSHLINE,0
WITLKRLGRCHPWGGHGH,0
AENTDANFYVCPPPT,1
FLGALIPAIAGAIGGLIRK,0
IGKLFKRIVERIRRFVRSFLRTLR,0
RADITTVSTFIDLNI,1
GFMDTAKNVAKNVAVTLLYNLKCKITKAC,0
KLLKRKLLVLLR,0
QARQLLSQIVQQQNNLLRAIEAQQHLLQ,1
GILRLVTRRFRFSPTNLNRYTVARLVSGVP,0
THILLLRLRKKVMS,0
YGHGGHGGHGGHGGHGGFGGFGGGFGR,0
KRFKKFFKKVKKSVKKRLKKIFKKPMVIGVSFPF,0
DWLRIIWDWVCSVVSDFK,1
FLPIVAKLLSELL,0
RIQRGPGRAFVTIGK,1
ELVNQIIEQLIKKEKVYLAW,1
PKSSWSDHEASSGV,1
FLPKVAKLLEKLL,0
SWRLIDWDWICEVLSDFK,1
VGQPQYYQANGGFLI,1
PPTSPLLPTVNLRPPPIIIVFLLRVWFH,1
QETAYFLLKLAGR,1
FLQDSKAELEKARKILSEVG,1
HPAGLKKKKSVTVLDVGDAY,1
AWLVHTQWFLDLPLPWLPGADTQGSNWI,1
ILGKLLKKLLKKL,0
KKLFKKIGLRYL,0
SEAYQGVQQK,0
KGRVFSKLKQLKKLHINHN,0
KLKLKLKLKLKLKLKLKLKL,0
CNIAPASIVSRNIVYTRAQPNQDIA,1
LLWIALRKKR,0
VNGKGRPRRGFKTRRTQKSSLFLP,0
CGYSFTDYVLIWVKQSC,1
VKLNVYPLKVKLYP,0
QLQKWEDWVRWI,1
KKKKVVAALYVLV,1
YTLGIKILWSAYKHRK,0
GTKWLTEWIPLTAEAEC,1
MEAFKKKPRLPLFKVKLTRFLERARGLGSYRIFEFFKKFGVKKFVSSLR,0
ARKKWRKRLKKLKI,0
PFMQVITWARLYHKNQKRYEKIKK,0
FLPKVKKLLSELL,0
ACNDRDCSLDCIMKGYNTGSCVRGSCQCRRTSG,0
RRKKLALLAP,1
KYHHIKLRHGRHRRTIH,0
RIKDFLRNLV,0
RRRRRRWWWWW,0
AKDLEVVCSTYVLVEA,1
LNWGTPDWDVRNCVGVLWCP,1
RAHRTRRGKVSPTAKTKSL,0
QSPPAIPALGTNVKK,1
GWFEGWFNRSPWFTT,1
KIIKKIIKIIKKIIK,0
GLLSGVLGAGKKIVCGLSGRC,0
APTSPGTPGVAAATQ,1
LRKFWKKIRKFLKKI,0
PLPPIIPGIAGKLLGGLLGLLKKL,0
QVDPDLADQLIHLYY,1
RLPRYPRYPRWPRHPTIYA,0
KWKVFKKIEKMGRNIRNGIVKAGPKWKVFKKIEKG,0
FLPEVAKLLSGLL,0
HARKKKKRAH,0
GIIKRIIKRIIKRI,0
WKWKRRRFKWKW,0
MSDNKPDISDVTSFDKTKLKKTETQEKNTLPTKEIEQEKSESS,0
KAIHRLIRRRRR,0
FLPLIKKVLSGIL,0
RHCLRSKRPPNVCPH,0
MTPLWRIMGTKPHGAYCQNNYECSTGICRRGHCSYSQPINS,0
LKTVRLIKFLY,1
WASLKIDNLDV,1
KRLWKRIYRLLKK,0
GNNRPIYIPRPRPPHPRL,0
GSKKPVPIIYCNRRTGKCQRF,0
GILSGLLGAGKKLACGLIGLC,0
DADIAVWAPPVNAQN,1
KKKKVVAATKVLV,1
TKCFQWQRNMRKVRGPPVSCIKRDSPIQCI,0
GWGSFFKKAAHAGKHAGKAALTHYL,0
WPRWPRWPRWPRWPRWPRWPR,0
FAVNPGLLETSEGCRQIL,1
GPPPHHRDYHGP,1
TTKARATAPTTRNLL,1
ESELVSQIIEQLIKK,1
FFRKVLKLIRKI,0
RRRLQRPLRRIHRLLRKRRFRPKVTITIQGSARF,0
LTEEKIKALVEICTEMEKEG,1
GIGVTQNVLYENQKQIANQF,1
KKKKVVAAFYVLV,1
ADLEVVAATYVDVA,1
KKKKVVAATYKLKA,1
ATCPAGDVLVRYNTCYWFCCDFCVRYSNGYTTCYRCSYLGRSCK,0
LGQGVSIEWRKKRYS,1
WVVWVVWRRR,0
GCTCSWPVCTRNGLPVCGETCVGGTCN,1
FLYIIGKLLSGLL,0
FRYKVVDLAVNFGKKII,0
IWGLIAHGVAHVGSLIHGLVNG,0
AEAMSQVANTATIM,1
GLISGILGAGKKVLC,0
ESMNKELKKI,1
LLGFILAFLGWIGAIVST,1
CRRWQWRMKKLGA,0
CIRLQAEAFQARLKSWFEPLV,1
GLQKLINKIKSQMSRFSTKTNKICGP,0
FVQWASKALGRIL,0
KIVPAMICAVTKKC,0
YNVLPQGWKGSPAIFQSSMT,1
HATCSLAFALATSVALATRNDLLLRWAAARDAQTILSKRDR,1
GWFKKTFHKVSHAVKSGIHAGQRGSSALGF,0
KGIYQTSNFRVVPSGDVVRF,1
APLKMKAILEIVHRRMKQNKMKAAF,0
VYINKLTPPCGTMYYACEAV,1
RFRPPILRPPIRPPFRPPFRPPVRPPIRPPFRPPFRPPIGPFP,0
TGMAALEQYLGSGHAVIVSI,0
AVSKVLHLEGEVNKIALLSTNKAVVSLSNGVSV,1
VKVKCTKSGCKVKV,0
SKIDVWSLVPVGSASCTIAA,1
IINVLTSIVTPIKNQLDKYQ,0
GLLSLLKKIGKKIGKLL,0
ADRSLLGRMKGA,1
ADGYQRSLLGRMKGA,1
LRNLVPRTES,0
FFIILLTIDRYLAVV,1
KAACAAKCLWR,0
FAVNPGLLEAAAGCRQIL,1
KKKKLLLPFLVFF,1
GRFKRIRKKLKKLFKKIS,1
WNSLKIDNADV,1
PPLYGRDPTTRRMPHLLLRCCLLRLVVH,1
RLLRLLLLRLLR,0
PPVCETGPLHPPSPPPLVRISLILVFVHLNKIRIRAREIYES,1
ATGQETAYFLLKLALKA,1
PPGAPPQPDSVCELHLLCVLRLLVIRIH,1
RRRWARRIIWIIRRAW,0
SWLRDLWDWLCELLSDFK,1
TTNLTEYPLSRVDLG,1
RKIIAVSVHKLCRVKR,0
NKIALLSTNKAVVSLSNGVSVLTSKVLDLKNYI,1
RRIRRPRLPRPRVPRPRIPP,0
KGLSGPTAWWVVV,1
SAIACGESCVYIPCFIPGCSCRNRVCYLN,1
IIIKKIKKKIKKIII,0
KVMRKVLGYLRNVYK,0
GLFDIIKKIAESFG,0
VYPYDEFVLATGDFV,1
QIVGGVYLLPRRGPRLGV,1
GGGKKKKKRWRWRW,0
WWVFRVVYPRIVYRRVRWTGPKK,0
AKKRAKKRAHQQ,0
IRIRIRRRRFRIRIRI,0
WARIARRAIRAWRRWW,0
KKKKVPAATYVLV,1
FLGVALKLGKVLGKALLPLASSLLHSQ,0
LQYLALAALITPKKI,1
WRWRWRWRWR,0
FLQLWSKGVLRIL,0
FLKLIGKVLSGIL,0
WVEYMYSWIPTA,1
SKCRRWQRRMRKVRGPPVTCIKKAFRFECI,0
MLSLISQVTLYSLSDNNLAAIIVDFLIHK,0
LRRFARRLIRRIRRAW,0
PTSNHSPTSCPPTCPGYRWMCLRRF,1
DLSNQINSINKSLKSAEDWIADSNFFANQARTAK,1
ISIGWRCLAGLL,0
QKKIRVRFSA,1
PRYPRYPRWPRHPTIYA,0
CRFPNITNSHVPILQERPPLENRVLTGWGL,1
EELAKKAEELAKKAEELAKKAEELAKKAWASLWNWF,1
GLCPFDTSPVVKGKYNTTLLNGSAFYLVCP,1
VVLNLVVKLLKYAK,0
PAATLEEHMTA,1
KKKKVVAAFLVLV,1
ARLDVASEFRKKWNKWALSR,0
ENREILKEPVHGVYY,1
VEKSEKAISGARRGSPIVNRHVVHLEHVRLKGPYRLSDRLSSAPRTSTRV,0
FLKLGRKSRYGMLKL,0
KKKKVVAAEYVLV,1
FLPLIGGLLKGLL,0
GERVWDRGNVTLLCDCPNGP,1
GMASKAGAIAGKIAKVALKALG,0
RRWQWRLLLL,0
HKILGYTVIAMPEVEGEEIQ,1
FILHAKKTRSAK,0
KKKKTVAATYVLV,1
AVACAKRVVRDPQGIRAWVAWRNRCQNRDVRQYVQGCGV,0
MLPKIAGAIAKLL,0
GYSAGERIVD,1
MVDRGWGNHAGLFGKGSIV,1
RRRLQRPLRRIHRLLRK,0
ADLEVVAATYVLVD,1
